Seconds,RightHand_rx - Head_ry Distance [mm],RightHand_rx - HeadEE Distance [mm],RightForeArm_rx - Head_ry Distance [mm],RightForeArm_rx - HeadEE Distance [mm],RightHand_rx - RightArm_tx Distance [mm],RightHand_rx - floor Distance [mm],RightLeg_rx - floor Distance [mm],RightUpLeg_tx - floor Distance [mm],LeftHand_rx - Head_ry Distance [mm],LeftHand_rx - HeadEE Distance [mm],LeftForeArm_rx - Head_ry Distance [mm],LeftForeArm_rx - HeadEE Distance [mm],LeftHand_rx - LeftArm_tx Distance [mm],LeftHand_rx - floor Distance [mm],LeftLeg_rx - floor Distance [mm],LeftUpLeg_tx - floor Distance [mm],LeftHand_rx - RightHand_rx Distance [mm],
0,572.838,733.885,507.538,658.415,402.551,636.348,512.385,503.332,439.468,613.599,497.18,650.116,323.541,751.358,510.306,470.614,365.704,
0.0166667,573.433,734.324,507.831,658.501,403.419,636.46,512.357,504.16,441.794,615.987,496.935,650.372,326.937,749.947,510.606,471.51,363.732,
0.0333333,574.506,735.351,508.182,658.781,404.357,636.66,512.37,504.509,444.811,619.111,496.272,650.306,331.745,748.099,510.867,472.227,360.426,
0.05,575.919,736.659,508.567,659.269,405.445,636.885,512.052,505.549,448.392,622.767,495,649.856,338.205,745.948,510.689,473.604,355.929,
0.0666667,576.702,737.221,508.189,658.779,406.32,637.243,512.29,505.753,451.982,626.471,492.642,648.498,346.036,743.434,510.638,473.596,350.399,
0.0833333,577.612,737.887,507.878,658.437,407.241,637.814,512.383,506.444,456.361,630.905,490.344,647.334,354.556,740.598,510.344,474.135,344.068,
0.1,578.364,738.389,507.381,657.93,408.152,638.681,512.539,506.949,461.269,635.842,487.877,646.058,363.664,737.237,510.098,474.653,336.772,
0.116667,579.494,739.324,507.028,657.605,409.371,639.656,512.904,507.746,467.225,641.774,485.193,644.591,373.643,733.302,510.072,475.261,328.948,
0.133333,580.07,739.703,506.568,657.145,410.494,640.746,513.326,507.941,473.158,647.609,482.336,642.88,383.423,728.91,510.298,475.446,320.949,
0.15,581.007,740.507,506.262,656.817,411.794,641.922,514.109,508.774,480.173,654.528,480.256,641.942,392.889,724.028,510.803,475.777,313.032,
0.166667,581.38,740.802,505.761,656.286,412.855,643.162,514.431,509.21,487.276,661.529,479.005,641.72,401.205,718.972,511.812,476.109,305.379,
0.183333,581.888,741.283,505.524,656.086,413.559,644.508,514.753,509.93,494.25,668.401,477.678,641.31,409.14,713.758,512.543,476.233,298.144,
0.2,582.864,742.36,505.638,656.326,414.273,645.807,515.258,510.645,501.4,675.492,476.311,640.764,416.849,708.549,513.263,476.525,291.135,
0.216667,583.626,743.174,505.666,656.436,415.004,647.11,515.321,511.288,507.973,682.009,473.997,639.271,424.823,703.413,513.781,476.663,284.094,
0.233333,584.33,743.9,505.707,656.562,415.624,648.568,515.456,511.941,514.298,688.297,471.233,637.358,432.822,698.368,514.402,476.876,276.755,
0.25,585.193,744.857,505.827,656.86,416.413,650.127,515.688,512.48,520.45,694.426,468.206,635.168,440.671,693.544,514.928,477.211,269.001,
0.266667,585.777,745.471,505.881,657.148,416.825,651.858,515.563,513.658,526.034,699.925,464.774,632.572,448.305,688.969,515.385,477.548,260.982,
0.283333,586.079,745.867,505.988,657.583,416.934,653.816,516.208,514.573,531.548,705.397,462.165,630.739,454.956,684.774,516.259,478.321,252.95,
0.3,585.624,745.52,505.833,657.895,416.792,656.097,516.579,515.475,535.854,709.639,459.457,628.663,460.64,681.134,517.013,478.936,245.194,
0.316667,584.416,744.455,505.317,657.934,416.332,658.67,516.744,516.247,539.263,713.02,457.385,627.12,464.994,678.133,517.329,479.58,237.67,
0.333333,582.757,742.964,504.582,657.899,415.645,661.45,516.922,517.316,541.61,715.336,455.738,625.878,468.123,675.854,517.474,480.335,230.341,
0.35,581.006,741.358,503.677,657.698,414.856,664.248,517.352,518.324,543.557,717.274,454.78,625.273,470.305,674.041,517.644,481.142,223.319,
0.366667,578.997,739.412,502.588,657.304,413.691,667.191,517.857,518.962,544.881,718.578,454.314,625.08,471.624,672.582,517.964,481.757,217.108,
0.383333,576.826,737.117,501.37,656.624,412.481,670.133,518.414,519.831,545.731,719.369,453.792,624.821,472.702,671.37,518.21,482.234,211.977,
0.4,575.497,735.65,500.996,656.704,411.015,673.057,519.17,520.898,547.122,720.741,453.693,624.939,473.693,670.219,518.728,482.863,208.15,
0.416667,573.241,732.908,500.2,656.113,409.165,675.999,520.106,520.963,547.346,720.835,453.496,624.961,474.073,669.151,519.145,482.948,205.954,
0.433333,571.294,730.367,499.646,655.676,407.515,679.078,520.963,520.993,547.492,720.859,453.684,625.313,474.031,668.231,519.611,483.087,205.232,
0.45,569.19,727.506,498.979,654.987,406.15,682.368,521.872,521.132,547.288,720.51,454.14,625.899,473.52,667.59,520.197,483.107,205.506,
0.466667,567.142,724.705,498.689,654.737,404.769,685.99,522.866,521.239,546.841,719.889,454.934,626.717,472.498,667.446,520.874,483.317,206.06,
0.483333,564.5,721.18,498.474,654.487,403.343,689.909,523.938,521.3,546.005,718.796,455.607,627.403,471.367,667.548,521.455,483.321,206.463,
0.5,561.936,717.674,498.507,654.594,402.282,693.882,524.722,521.537,545.275,717.698,455.811,627.566,470.739,667.836,522.016,483.566,206.551,
0.516667,559.758,714.556,498.604,654.855,401.553,697.717,525.461,521.835,545.088,717.091,455.846,627.545,470.613,668.069,522.754,483.761,206.331,
0.533333,557.708,711.551,498.684,655.22,401.087,701.402,525.819,522.233,545.246,716.766,455.463,627.037,471.094,668.018,523.402,483.992,205.945,
0.55,556.051,709.003,499.003,655.924,400.611,704.938,525.731,522.519,546.13,717.167,454.889,626.29,472.18,667.546,524.04,484.265,205.68,
0.566667,554.564,706.569,499.271,656.52,400.243,708.371,524.93,522.713,547.446,717.981,454.28,625.509,473.577,666.807,524.486,484.557,205.863,
0.583333,553.555,704.603,499.637,657.124,399.909,711.615,523.635,523.199,549.166,719.229,453.798,624.881,475.083,665.958,524.948,484.861,206.788,
0.6,552.222,702.318,499.61,657.312,399.819,714.571,521.374,523.124,550.087,719.717,453.284,624.181,476.065,665.218,524.587,485.046,208.626,
0.616667,551.783,700.947,499.514,657.264,400.231,716.942,519.127,523.291,550.935,720.247,453.355,624.153,476.457,664.729,523.957,485.305,211.395,
0.633333,552.086,700.365,499.018,656.699,401.75,718.582,516.861,523.36,551.316,720.438,454.014,624.785,475.981,664.525,522.731,485.61,215.187,
0.65,553.044,700.586,497.886,655.517,404.571,719.363,514.587,523.437,551.3,720.353,455.523,626.271,474.297,664.481,520.784,486.136,219.999,
0.666667,555.245,702.209,496.774,654.211,408.536,719.195,512.407,523.961,551.386,720.508,457.774,628.612,471.798,664.703,518.491,486.974,225.348,
0.683333,557.412,703.905,495.351,652.579,412.79,718.022,509.745,524.121,550.926,720.128,460.122,631.057,468.508,664.773,515.338,487.526,230.968,
0.7,560.433,706.491,494.134,651.044,417.775,715.947,506.701,524.668,551.052,720.325,462.338,633.475,465.44,664.619,512.023,488.523,236.883,
0.716667,564.497,710.214,493.228,649.872,423.108,713.051,503.513,525.461,552.225,721.555,464.193,635.564,463.143,663.952,508.312,489.97,242.992,
0.733333,568.494,713.754,492.044,648.379,428.539,709.448,499.87,526.08,553.428,722.707,465.394,636.969,461.441,662.65,504.615,491.036,249.35,
0.75,573.091,717.886,490.963,647.037,434.372,705.121,496.501,526.599,554.987,724.155,466.194,637.911,460.397,660.673,500.893,491.872,255.818,
0.766667,578.189,722.389,489.717,645.435,440.79,699.989,493.19,527.17,556.55,725.57,466.909,638.75,459.579,658.151,497.265,492.56,261.942,
0.783333,583.648,727.111,488.702,644.024,447.016,694.278,490.351,527.665,557.722,726.564,467.835,639.739,458.57,655.109,493.648,493.116,267.306,
0.8,588.428,730.904,487.499,642.271,452.828,687.854,487.083,528.044,557.231,725.857,468.667,640.562,457.052,651.786,489.655,493.303,271.486,
0.816667,593.914,735.433,486.897,641.176,457.951,680.707,484.276,528.272,556.254,724.72,469.977,641.737,455.179,648.195,485.96,493.476,274.487,
0.833333,599.126,739.534,486.282,639.964,462.489,672.878,481.491,528.356,554.195,722.501,471.307,642.846,453.07,644.381,482.312,493.638,276.595,
0.85,604.25,743.628,486.328,639.443,466.161,664.764,479.026,528.275,551.6,719.814,472.927,644.079,450.68,640.545,479.068,493.819,278.439,
0.866667,608.677,747.07,486.244,638.757,469.399,656.347,476.89,527.922,548.622,716.782,474.338,644.98,448.482,636.564,476.301,493.863,280.779,
0.883333,612.563,750.078,486.277,638.212,472.083,647.475,475.3,527.678,546.039,714.11,475.383,645.405,446.731,632.202,474.034,493.962,284.258,
0.9,615.8,752.601,486.32,637.677,474.032,638.414,474.555,527.348,544.242,712.225,476.171,645.612,445.415,627.49,472.51,494.003,288.896,
0.916667,619.454,756.092,486.959,638.001,475.777,628.964,475.172,526.737,543.845,711.828,477.099,645.965,444.452,622.473,471.863,494.324,294.52,
0.933333,621.195,757.809,486.919,637.691,477.047,619.42,476.503,526.342,542.888,710.841,477.503,645.82,443.405,617.28,471.09,495.033,300.893,
0.95,621.985,758.873,486.543,637.277,478.066,610.051,478.451,526.081,541.78,709.69,477.713,645.461,442.278,612.086,470.943,496.717,307.638,
0.966667,621.241,758.663,485.349,636.127,478.944,600.795,480.442,526.623,539.854,707.802,477.383,644.583,440.987,607.314,471.483,498.919,314.703,
0.983333,619.947,758.327,483.882,634.8,479.61,591.853,482.322,527.141,537.409,705.608,476.856,643.566,439.445,603.008,471.742,500.804,321.76,
1,618.369,757.914,482.481,633.546,480.027,583.284,483.468,528.265,534.665,703.211,475.908,642.146,438.186,599.093,472.155,503.158,328.724,
1.01667,617.358,758.081,481.101,632.126,480.699,575.306,484.082,530.047,532.672,701.686,475.108,641.008,437.325,595.523,472.715,506.199,335.727,
1.03333,616.073,757.991,479.392,630.31,481.486,567.974,483.993,532.642,530.217,699.717,474.18,639.647,436.269,592.596,473.163,509.466,342.441,
1.05,615.412,758.467,477.726,628.306,482.478,561.221,483.517,535.696,527.987,698.097,473.65,638.783,435.001,590.378,473.436,513.061,348.942,
1.06667,615.487,759.785,476.386,626.607,483.812,554.919,482.958,539.259,525.937,696.687,473.405,638.119,433.566,588.84,473.301,516.962,354.806,
1.08333,615.637,761.026,474.897,624.627,485.133,549.465,482.175,543.441,524.047,695.467,473.228,637.602,432.289,587.891,472.746,521.407,359.699,
1.1,616.583,763.288,473.916,623.311,486.582,544.629,481.723,548.257,523.043,695.185,473.132,637.141,431.539,587.363,472.007,526.18,363.232,
1.11667,618.014,766.221,473.327,622.697,487.911,540.759,481.284,553.724,522.973,695.812,472.827,636.434,431.588,587.254,471.298,531.725,365.332,
1.13333,619.294,769.012,472.734,622.256,489.131,538.181,480.997,560.494,523.834,697.311,472.167,635.445,432.681,587.604,470.696,538.431,365.866,
1.15,620.509,771.886,472.177,622.269,490.46,537.067,480.748,568.826,525.738,699.744,471.482,634.37,434.585,588.482,470.344,546.781,365.025,
1.16667,622.389,775.582,472.001,623.084,491.812,537.571,480.856,578.374,529.275,703.766,470.97,633.498,437.291,590.017,470.614,556.596,363.315,
1.18333,624.832,780.026,472.241,624.696,493.35,539.609,481.451,589.815,533.944,708.848,470.577,632.682,440.644,592.366,471.433,567.842,360.869,
1.2,626.746,783.761,472.139,625.75,495.176,543.097,481.91,602.091,538.685,713.927,469.948,631.761,444.369,595.646,472.324,580.378,357.564,
1.21667,628.508,787.03,471.618,626.293,497.063,548.056,482.997,615.242,543.779,719.301,469.277,630.931,448.333,599.806,473.38,593.964,354.687,
1.23333,631.955,792.029,474.657,630.874,495.757,554.577,484.578,629.303,550.101,725.838,468.476,629.99,453.116,605.118,474.72,608.045,352.492,
1.25,633.946,795.341,474.755,632.061,496.671,562.763,486.339,643.635,556.661,732.556,467.852,629.346,457.794,611.102,475.912,622.591,349.698,
1.26667,635.663,798.191,474.701,632.794,497.657,572.528,488.18,658.292,563.477,739.468,467.124,628.666,462.751,618.048,477.062,637.235,347.619,
1.28333,638.082,801.767,475.169,633.983,498.481,583.624,489.803,672.843,571.463,747.538,466.836,628.445,468.015,625.861,477.899,651.489,345.914,
1.3,639.922,804.586,475.831,635.067,498.697,596.155,490.876,687.281,578.975,755.114,466.656,628.425,472.907,634.932,478.513,665.579,344.188,
1.31667,641.557,807.192,476.668,636.129,498.483,610.244,491.432,700.737,586.049,762.311,466.911,628.862,477.099,645.67,479.336,678.823,341.909,
1.33333,642.545,809.08,477.687,637.25,497.723,625.467,491.32,714.266,591.924,768.285,467.451,629.551,480.21,658.059,479.841,691.44,338.704,
1.35,641.635,809,476.618,636.057,498.153,642.069,490.673,727.251,596.128,772.589,468.265,630.505,482.109,671.97,479.655,703.68,333.242,
1.36667,641.818,809.987,478.466,637.866,496.347,659.35,490.18,740.232,600.196,776.751,469.417,631.772,483.623,687.039,479.553,715.588,327.79,
1.38333,641.535,810.474,480.701,640.119,494.032,677.328,490.012,753.473,603.265,779.874,470.484,632.924,484.582,703.098,479.523,727.675,321.354,
1.4,641.02,810.616,483.175,642.573,491.327,695.806,490.172,766.913,605.836,782.51,471.449,634.04,485.362,719.792,479.827,739.912,314.535,
1.41667,640.186,810.398,485.459,644.96,488.652,714.637,490.643,780.34,608.092,784.799,472.409,635.125,485.878,736.641,480.456,752.415,307.682,
1.43333,639.418,810.135,487.892,647.523,485.928,733.409,491.008,794.017,610.282,787.005,473.458,636.336,486.282,753.472,481.099,764.781,301.111,
1.45,639.007,810.193,490.376,650.196,483.472,751.861,491.038,807.095,612.684,789.41,474.571,637.583,486.75,769.864,481.734,776.882,295.221,
1.46667,638.979,810.55,492.627,652.642,481.545,769.378,490.556,819.504,615.662,792.389,475.433,638.623,487.841,785.114,481.844,788.732,290.411,
1.48333,639.401,811.352,494.522,654.823,480.302,785.828,489.94,831.199,619.356,796.051,476.195,639.508,489.35,799.144,481.421,799.668,286.782,
1.5,640.325,812.631,496.543,657.082,479.314,801.029,489.39,841.868,623.699,800.377,476.747,640.2,491.386,811.815,480.517,809.745,284.129,
1.51667,641.279,813.894,498.103,658.81,478.558,814.787,489.221,851.813,628.317,804.984,476.832,640.472,493.943,823.094,479.039,818.797,282.277,
1.53333,642.608,815.469,499.329,660.159,478.343,827.07,489.39,860.933,633.211,809.862,476.859,640.715,496.648,833.134,477.385,827.017,281.776,
1.55,644.398,817.43,500.469,661.362,478.494,837.777,489.991,869.072,638.49,815.108,476.737,640.843,499.683,841.859,476.169,834.706,283.36,
1.56667,646.088,819.277,500.858,661.864,479.178,846.592,490.646,875.959,643.262,819.767,476.665,640.839,502.246,849.071,474.845,840.876,287.098,
1.58333,649.512,822.789,501.608,662.7,480.596,853.375,491.619,882.114,648.621,825.019,477.136,641.411,504.685,855.355,474.246,846.49,292.917,
1.6,654.015,827.307,502.004,663.257,483.073,858.083,492.785,887.627,654.081,830.295,477.871,642.172,506.905,860.399,473.335,851.213,301.419,
1.61667,659.795,832.966,502.325,663.661,486.321,860.723,494.133,892.375,659.685,835.696,478.715,643.073,509.082,864.4,472.896,855.145,312.952,
1.63333,666.869,839.818,502.599,664.009,490.38,861.576,495.653,896.495,665.246,840.976,479.729,644.049,510.984,867.651,472.553,858.177,328.057,
1.65,674.796,847.306,502.734,664.052,495.008,861.031,496.856,899.742,670.891,846.29,480.575,644.9,513.022,870.132,472.077,860.564,347.432,
1.66667,683.441,855.351,503.018,664.099,499.759,859.653,497.595,902.106,676.878,851.842,481.432,645.693,515.148,871.8,471.389,861.884,371.326,
1.68333,692.643,863.71,503.47,664.093,504.634,857.983,497.721,903.552,683.282,857.718,482.457,646.611,517.332,873.124,470.367,862.487,399.995,
1.7,702.325,872.29,504.325,664.261,509.432,856.581,497.115,904.242,690.137,863.921,483.532,647.519,519.707,874.356,468.96,862.435,433.265,
1.71667,711.89,880.457,504.849,663.968,514.193,856.313,495.916,904.261,697.365,870.342,484.808,648.529,522.117,875.937,467.177,861.998,470.958,
1.73333,720.761,887.588,505.365,663.437,518.405,857.758,494.442,903.974,704.563,876.574,486.346,649.66,524.333,878.684,465.31,861.567,512.264,
1.75,728.651,893.588,506.078,663.118,521.86,861.309,493.199,903.746,711.551,882.258,488.213,650.76,526.147,883.01,463.291,861.29,556.507,
1.76667,735.624,898.471,507.41,663.209,524.285,867.592,492.453,903.727,718.454,887.552,490.57,652.052,527.62,889.686,461.645,861.974,602.973,
1.78333,741.131,901.674,508.702,663.09,525.986,876.354,491.788,903.721,724.58,891.697,493.16,653.168,528.559,898.614,459.857,862.861,651.433,
1.8,745.922,903.881,510.362,663.089,526.993,887.991,492.037,904.666,730.444,895.294,496.141,654.378,529.133,910.532,458.68,864.597,701.061,
1.81667,749.742,904.795,511.932,662.798,527.561,902.658,492.701,906.329,735.562,897.886,499.347,655.56,529.192,925.204,458.017,867.47,751.485,
1.83333,752.765,904.483,513.398,662.119,527.792,920.13,493.845,908.814,739.912,899.539,502.344,656.41,528.982,942.28,457.735,870.742,802.146,
1.85,755.201,903.376,514.834,661.328,527.755,940.565,495.448,912.072,743.765,900.418,505.192,656.992,528.611,961.428,458.205,874.998,852.674,
1.86667,756.917,901.149,516.026,660.117,527.542,963.517,497.369,915.913,746.813,900.362,507.636,657.218,528.109,982.671,459.413,879.84,902.836,
1.88333,758.228,898.06,517.093,658.57,527.228,988.986,499.824,920.654,749.54,900.064,509.877,657.497,527.695,1005.7,461.337,885.661,951.776,
1.9,758.857,893.922,517.886,656.613,526.75,1016.37,502.047,925.267,751.734,899.184,511.854,657.677,527.25,1030.07,463.511,891.639,999.304,
1.91667,758.493,888.543,518.402,654.454,525.94,1045.42,504.381,930.089,753.428,897.703,513.504,657.696,526.789,1055.64,466.089,897.614,1044.84,
1.93333,757.046,881.614,518.483,651.716,524.88,1075.91,505.711,934.223,754.547,895.709,514.968,657.816,526.255,1082.02,467.606,903.409,1087.97,
1.95,754.431,873.459,518.26,648.885,523.425,1106.86,506.451,937.139,755,892.682,516.162,657.604,525.526,1108.82,467.968,907.884,1128.58,
1.96667,750.551,863.952,517.754,646.052,521.483,1138.61,506.183,939.262,754.761,888.748,517.177,657.377,524.523,1135.94,468.025,911.871,1165.65,
1.98333,745.337,852.745,516.97,643.002,518.945,1170.55,504.782,940.333,753.71,883.94,518.084,657.305,523.12,1163.34,467.653,914.728,1198.99,
2,738.679,839.841,515.922,639.785,515.807,1202.35,502.481,940.432,751.857,878.191,518.902,657.342,521.228,1190.84,466.728,916.391,1228.12,
2.01667,730.127,824.731,514.691,636.466,511.605,1234.01,499.387,939.734,748.928,871.235,519.572,657.416,518.708,1218.31,465.353,916.717,1252.4,
2.03333,720.055,808.116,513.445,633.286,506.364,1265.03,495.468,937.984,744.852,862.827,520.089,657.289,515.555,1245.48,463.64,916.11,1271.53,
2.05,708.036,788.992,511.996,629.555,500.014,1295.22,491.053,935.546,739.865,853.733,520.594,657.325,511.781,1272.02,461.575,914.362,1285.2,
2.06667,694.527,768.251,510.478,625.629,492.709,1324.19,487.116,932.255,733.687,843.294,520.925,657.088,507.453,1297.66,459.763,911.882,1293.59,
2.08333,679.699,745.712,508.843,621.129,484.549,1351.36,483.592,928.023,727.077,832.893,521.227,656.994,502.893,1322.29,457.62,908.34,1296.98,
2.1,664.153,722.262,507.043,616.155,476.028,1376.11,480.08,923.493,719.876,822.12,521.512,656.858,498.025,1345.03,455.888,904.123,1296.03,
2.11667,648.212,698.316,505.149,610.748,467.263,1397.95,476.66,918.438,713.092,812.412,521.855,656.872,493.451,1365.22,454.256,899.481,1291.47,
2.13333,632.506,674.857,503.225,605.189,458.675,1416.64,473.756,913.193,706.646,803.547,522.171,656.937,489.167,1382.42,452.963,894.663,1284.12,
2.15,617.344,652.373,501.316,599.644,450.464,1431.94,471.49,907.423,700.712,795.698,522.42,657.044,485.337,1396.91,451.723,889.541,1274.86,
2.16667,603.48,631.832,499.525,594.31,442.976,1443.59,469.595,901.479,695.529,789.054,522.621,657.169,482.072,1408.62,450.584,884.188,1264.97,
2.18333,591.466,613.847,497.869,589.277,436.596,1451.43,467.851,895.365,691.276,783.672,522.751,657.204,479.524,1417.71,449.38,878.606,1255.72,
2.2,581.812,599.113,496.331,584.612,431.826,1455.58,465.649,889.204,688.382,780.144,522.877,657.289,477.828,1424.31,448.441,873.252,1248.13,
2.21667,575.715,589.132,495.123,580.766,429.091,1456.2,464.12,883.425,686.412,777.685,522.922,657.176,476.834,1428.59,446.707,868.169,1243.4,
2.23333,572.907,583.417,494.085,577.518,428.61,1453.61,462.033,877.687,685.597,776.597,522.881,656.892,476.677,1430.71,444.979,863.239,1241.92,
2.25,573.235,581.999,493.34,575.184,430.053,1447.97,460.085,872.638,686.051,776.961,522.775,656.456,477.392,1430.78,443.714,859.164,1243.75,
2.26667,576.828,585.125,492.956,573.911,433.386,1439.24,457.795,867.775,687.317,778.146,522.599,655.816,478.69,1428.97,442.788,855.289,1248.76,
2.28333,582.915,591.821,492.82,573.419,438.303,1427.51,455.527,863.382,689.794,780.846,522.445,655.237,480.623,1425.23,441.96,852.175,1256.5,
2.3,591.327,602.184,493.087,574.061,444.396,1412.85,453.323,859.122,693.068,784.402,522.213,654.463,483.086,1419.46,441.448,849.47,1266.37,
2.31667,601.436,615.446,493.74,575.78,451.122,1395.4,451.12,855.372,696.937,788.696,521.932,653.631,485.83,1411.55,441.076,847.175,1277.43,
2.33333,612.854,631.311,494.924,578.835,457.974,1375.32,449.488,852.431,701.055,793.509,521.696,652.967,488.456,1401.38,441.384,845.719,1288.53,
2.35,625.044,649.029,496.548,583.025,464.647,1352.66,448.592,850.366,705.381,798.927,521.478,652.524,490.977,1388.9,442.574,845.246,1298.78,
2.36667,637.428,667.737,498.515,588.098,470.911,1327.51,449.032,849.668,710.203,805.61,521.46,652.747,493.316,1374.21,444.622,846.457,1307.24,
2.38333,650.4,688.062,500.888,594.224,476.729,1299.77,450.068,849.968,714.978,812.648,521.452,653.269,495.481,1357.49,447.173,848.645,1313.29,
2.4,663.421,708.896,503.317,600.635,482.41,1269.5,451.679,851.243,720,820.534,521.433,654.146,497.775,1338.85,450.816,851.759,1316.33,
2.41667,677.057,731.329,506.066,607.935,488.016,1237.17,453.627,853.698,724.664,828.267,521.218,655.014,500.135,1318.17,454.375,855.717,1315.42,
2.43333,690.324,753.622,508.746,615.22,493.507,1203.16,456.218,857.054,729.87,837.176,520.919,656.107,503.038,1295.46,458.878,860.36,1309.94,
2.45,703.474,776.236,511.376,622.653,498.855,1168.26,457.628,860.293,734.417,845.253,520.415,656.913,506.02,1270.93,463.745,864.285,1299.53,
2.46667,715.496,797.356,513.627,629.363,503.889,1133.08,458.67,863.131,739.187,853.998,519.74,657.784,509.48,1244.58,467.571,868.011,1283.76,
2.48333,726.621,817.557,515.636,635.765,508.509,1098.34,459.122,866.081,743.827,862.842,519.022,658.714,513.053,1216.5,471.301,871.607,1261.86,
2.5,736.866,836.635,517.509,641.92,513.033,1064.84,459.396,868.88,747.989,871.406,518.226,659.651,516.484,1187.2,474.525,874.712,1233.79,
2.51667,745.352,853.438,518.724,647.195,517.054,1032.93,458.834,870.909,751.176,878.939,517.252,660.415,519.524,1157.11,476.99,876.643,1199.91,
2.53333,752.04,868.163,519.281,651.791,520.398,1003.33,458.286,872.445,753.521,885.613,516.305,661.3,521.946,1127.08,479.059,877.868,1159.7,
2.55,756.751,880.447,519.279,655.755,523.031,976.293,457.413,873.537,754.645,890.91,515.158,662.054,523.705,1097.78,480.733,878.398,1113.96,
2.56667,759.784,890.642,518.81,659.289,525.06,952.193,456.358,874.285,754.684,894.859,513.791,662.561,524.927,1069.37,482.338,878.495,1063.55,
2.58333,761.073,898.559,517.827,662.239,526.53,931.153,455.552,874.751,753.873,897.738,512.232,662.819,525.764,1042.34,483.79,878.305,1009.3,
2.6,760.795,904.248,516.331,664.485,527.513,913.233,454.77,874.708,752.234,899.615,510.338,662.748,526.35,1016.77,485.324,877.745,952.185,
2.61667,759.083,907.821,514.33,665.955,528.076,898.378,453.861,874.281,749.722,900.372,508.022,662.217,526.77,993.002,486.973,876.753,893.275,
2.63333,756.266,909.503,511.963,666.683,528.201,886.936,453.152,873.652,746.373,900.195,505.287,661.411,526.941,971.555,488.818,875.197,833.48,
2.65,752.231,909.261,509.274,666.662,527.924,879.067,452.877,873.214,741.974,898.648,502.113,660.167,526.817,952.717,491.196,873.836,773.806,
2.66667,747.073,907.179,506.329,665.932,527.183,874.694,452.871,872.942,736.777,896.136,498.601,658.641,526.44,936.971,493.755,872.022,715.195,
2.68333,740.596,903.154,503.263,664.676,525.724,873.872,453.293,872.961,730.884,892.64,494.696,656.656,526.039,924.337,496.374,870.664,658.313,
2.7,732.935,897.401,500.555,663.311,523.288,876.498,454.052,873.335,724.84,888.793,490.836,654.61,525.599,915.079,498.781,869.454,603.996,
2.71667,723.867,889.74,498.201,661.857,519.774,882.479,455.337,874.142,718.503,884.423,486.97,652.432,525.112,908.997,500.495,868.554,552.801,
2.73333,713.52,880.399,496.46,660.622,515.012,891.658,456.753,875.381,712.144,879.771,483.423,650.357,524.529,906.043,501.812,868.227,505.578,
2.75,702.097,869.708,494.992,659.485,509.426,903.438,459.04,877.126,705.41,874.339,480.081,648.152,523.723,905.419,502.608,867.905,463.493,
2.76667,690.917,858.901,493.87,658.476,503.664,917,461.718,879.674,699.005,869.038,477.319,646.307,522.935,907.309,503.203,869,427.426,
2.78333,680.695,848.619,493.238,657.665,497.926,930.916,465.031,882.677,692.82,863.78,475.07,644.803,522.165,911.054,504.676,870.902,398.36,
2.8,672.699,840.545,492.998,657.222,492.855,944.909,468.193,885.928,687.8,859.534,473.878,644.047,521.45,915.915,505.83,873.08,376.501,
2.81667,665.861,833.299,493.177,657.053,487.964,957.309,470.129,888.927,682.655,854.877,472.94,643.306,520.648,921.433,506.284,875.811,361.88,
2.83333,660.954,827.894,493.742,657.152,484.033,967.767,471,891.771,677.976,850.49,472.694,642.991,519.715,927.089,506.354,878.67,353.76,
2.85,658.207,824.656,494.672,657.576,481.258,975.476,470.209,894.524,673.864,846.463,473.031,642.982,518.682,932.512,505.842,881.734,351.087,
2.86667,657.945,824.067,495.784,658.253,480.039,980.285,467.675,897.133,670.455,843.008,473.899,643.244,517.469,937.577,504.633,884.55,353.112,
2.88333,659.852,825.786,496.753,658.911,480.541,982.242,463.693,899.597,667.664,840.014,474.984,643.524,516.182,941.976,502.865,887.487,359.106,
2.9,663.92,829.771,497.549,659.442,482.485,981.745,458.703,901.832,665.671,837.795,476.204,643.875,515.025,945.792,500.571,890.112,368.603,
2.91667,669.77,835.677,498.045,659.788,485.884,979.198,453.447,903.933,664.646,836.465,477.525,644.256,514.078,948.701,498.21,892.785,381.257,
2.93333,676.92,842.895,498.391,659.898,490.367,975.278,448.681,906.389,664.716,836.255,478.853,644.738,513.518,950.729,496.139,895.28,396.606,
2.95,684.745,850.799,498.558,659.772,495.343,971.079,444.584,908.665,666.169,837.396,480.205,645.343,513.529,951.421,494.23,898,414.946,
2.96667,692.732,858.709,498.506,659.212,500.436,967.249,441.554,911.034,668.637,839.563,481.558,646.101,514.048,951.154,493.104,900.661,436.452,
2.98333,700.641,866.279,498.498,658.376,505.238,964.826,440.033,913.707,672.488,843.193,483.182,647.33,515.028,950.916,493.261,903.595,461.69,
3,707.645,872.618,498.439,657.26,509.375,964.214,439.647,916.334,676.334,846.687,485.111,648.852,515.679,951.32,493.93,906.58,490.8,
3.01667,714.069,878.137,498.471,656.077,513.001,965.718,440.548,919.13,680.259,850.109,487.549,650.718,515.884,953.161,494.447,910.075,523.354,
3.03333,719.916,882.657,498.663,654.806,516.151,969.252,443.105,922.65,683.858,853.048,490.438,652.944,515.469,957.18,494.678,914.013,558.792,
3.05,725.243,886.518,499.124,653.759,518.863,974.89,446.52,925.985,687.136,855.381,493.861,655.439,514.166,963.424,494.318,918.291,596.124,
3.06667,730.248,889.824,499.807,652.935,521.29,982.385,451.446,929.726,689.517,856.482,497.428,657.841,512.012,972.284,494.097,922.978,634.753,
3.08333,735.143,893.099,500.916,652.764,523.312,991.502,458.133,934.271,691.589,856.809,501.192,660.07,509.096,983.624,494.228,928.566,673.802,
3.1,739.787,896.073,502.125,652.856,525.166,1002.04,466.229,939.28,693.114,856.188,504.772,661.968,505.689,997.219,494.905,934.605,713.02,
3.11667,744.129,898.854,503.393,653.226,526.894,1013.81,475.472,944.905,694.112,854.434,507.992,663.251,502.044,1012.58,495.624,940.825,753.031,
3.13333,748.104,901.223,504.653,653.588,528.433,1026.68,484.985,950.124,695.422,852.589,510.755,664.002,498.875,1029.62,496.139,946.573,793.736,
3.15,751.549,903.136,505.778,653.919,529.797,1040.69,494.256,954.99,695.988,849.404,513.133,664.107,495.593,1048.59,496.704,952.16,834.698,
3.16667,754.282,904.289,506.753,654.023,530.781,1055.56,502.892,959.117,695.371,844.489,514.862,663.423,492.481,1068.98,497.045,956.723,875.445,
3.18333,756.42,904.692,507.565,653.787,531.485,1070.98,510.585,962.461,694.03,838.398,515.996,662.162,489.792,1090.28,496.798,960.024,915.918,
3.2,757.983,904.363,508.146,653.135,531.944,1086.65,516.799,964.61,691.792,831.042,516.533,660.302,487.573,1111.96,495.833,961.927,955.233,
3.21667,759.023,903.41,508.456,652.084,532.238,1102.29,521.326,965.408,688.8,822.582,516.529,657.865,485.785,1133.81,494.334,962.743,992.889,
3.23333,759.588,901.884,508.463,650.631,532.443,1117.38,524.515,965.261,685.071,813.203,516.107,655.074,484.166,1155.52,492.2,962.318,1027.97,
3.25,759.826,899.945,508.303,648.922,532.571,1131.64,526.266,963.411,680.879,803.265,515.389,652.077,482.663,1176.6,489.528,960.687,1060.44,
3.26667,759.848,897.774,508.022,647.093,532.701,1144.52,527.447,960.65,676.407,793.101,514.415,648.986,481.36,1197.17,486.561,958.196,1089.78,
3.28333,759.844,895.776,507.82,645.513,532.818,1156.29,527.72,956.719,671.082,782.046,513.225,645.758,479.821,1216.15,483.301,954.896,1115.31,
3.3,759.797,893.708,507.637,643.955,532.94,1166.26,527.712,952.07,666.026,771.666,511.999,642.705,478.417,1233.17,479.954,950.993,1137.6,
3.31667,759.818,891.599,507.582,642.458,533.092,1174.38,526.121,946.471,661.302,762.221,510.851,639.981,477.047,1247.81,476.084,946.269,1156.96,
3.33333,759.954,889.938,507.698,641.387,533.198,1181.03,524.56,939.984,656.547,752.908,509.712,637.179,475.551,1259.65,472.34,941.217,1173.23,
3.35,759.992,888.168,507.741,640.245,533.218,1185.87,522.78,933.619,653.048,745.688,508.691,634.712,474.678,1268.15,468.372,935.6,1186.84,
3.36667,760.086,886.762,507.86,639.407,533.219,1188.87,520.777,926.881,650.39,739.839,507.692,632.274,474.307,1273.55,464.415,930.052,1197.87,
3.38333,760.021,885.235,507.845,638.444,533.219,1190.34,518.915,920.553,649.273,736.481,506.962,630.419,474.552,1276.05,460.29,924.483,1206.82,
3.4,760.04,884.292,507.914,637.938,533.217,1190.32,517.267,914.829,648.556,733.891,506.225,628.763,475.082,1276.08,456.952,919.243,1213.27,
3.41667,760.038,883.507,507.959,637.54,533.172,1188.87,515.723,909.939,648.654,732.935,505.714,627.826,475.866,1273.92,454.014,914.676,1217.52,
3.43333,760.048,883.005,508.01,637.348,533.098,1186.16,513.747,905.522,648.447,732.337,505.476,627.604,476.089,1269.78,451.194,910.389,1218.92,
3.45,760.066,882.73,508.075,637.356,532.967,1182.45,512.3,901.685,647.906,732.199,505.529,628.196,475.748,1263.8,448.687,906.403,1217.31,
3.46667,760.004,882.703,508.07,637.561,532.773,1177.61,511.114,898.689,647.289,732.576,505.84,629.33,474.966,1256.39,446.87,903.283,1212.96,
3.48333,759.938,882.963,508.069,637.985,532.543,1171.84,510.188,896.495,646.497,733.271,506.366,630.932,473.77,1247.99,445.308,900.792,1206.15,
3.5,759.891,883.65,508.088,638.711,532.296,1165.16,509.732,895.516,646.064,734.805,506.945,632.829,472.799,1238.73,444.587,899.456,1196.87,
3.51667,759.806,884.61,508.06,639.56,532.058,1157.44,509.561,895.389,646.594,737.7,507.603,634.913,472.374,1228.37,444.475,898.884,1185.81,
3.53333,759.833,886.209,508.139,640.842,531.881,1149.24,510.448,896.88,648.156,741.812,508.332,637.225,472.591,1217.46,445.518,899.633,1172.84,
3.55,759.701,888.039,508.058,642.162,531.769,1140.64,511.875,899.404,650.58,746.738,509.119,639.511,473.228,1205.88,447.258,901.058,1158.3,
3.56667,759.425,889.921,507.871,643.438,531.779,1131.55,513.406,903.318,654.622,753.705,509.97,642.005,474.877,1193.35,449.785,903.496,1141.86,
3.58333,758.807,891.527,507.39,644.412,531.845,1122.34,514.81,908.952,660.989,763.579,511.027,644.776,477.701,1179.57,453.184,907.159,1123.52,
3.6,757.771,892.959,506.641,645.328,531.891,1113.33,516.739,915.415,668.598,774.814,512.12,647.421,481.252,1164.47,457.103,911.831,1102.91,
3.61667,756.197,893.665,505.627,645.92,531.796,1104.8,518.487,923.35,677.419,787.97,513.629,650.833,484.975,1148.56,461.623,917.349,1079.32,
3.63333,754.101,893.663,504.393,646.159,531.59,1096.83,519.429,931.894,687.449,802.915,515.347,654.588,489.141,1131.57,466.17,923.033,1053.42,
3.65,751.402,893.034,502.99,646.211,531.133,1089.49,519.309,940.786,698.022,818.663,517.052,658.367,493.537,1114.09,470.887,929.298,1024.88,
3.66667,747.833,891.403,501.508,646.023,530.289,1082.56,519.492,949.099,708.163,834.035,518.65,662.096,497.693,1096.27,475.344,935.318,993.846,
3.68333,743.455,888.816,500.258,645.759,528.865,1076.32,520.665,957.512,717.834,849.22,519.958,665.697,501.91,1078.81,479.936,941.548,959.174,
3.7,737.902,885.132,499.278,645.438,526.778,1070.7,521.46,965.169,726.631,863.618,520.984,669.066,506.05,1062.35,483.954,947.63,920.789,
3.71667,730.794,879.968,498.728,645.228,523.676,1065.81,523.757,972.027,733.631,875.818,521.423,671.742,509.961,1047.69,488.187,953.435,878.626,
3.73333,722.192,873.227,498.236,644.768,519.926,1061.64,526.569,978.415,738.915,886.094,521.281,673.953,513.573,1035.06,491.711,958.407,833.169,
3.75,712.095,865.089,497.415,644.116,515.698,1058.65,529.581,983.826,742.484,894.159,520.563,675.503,516.849,1024.47,494.542,962.749,785.391,
3.76667,700.781,855.562,496.153,643.137,511.116,1056.72,532.704,988.597,744.206,899.936,519.301,676.458,519.539,1015.69,496.69,966.299,736.091,
3.78333,688.78,845.235,494.363,641.928,506.47,1055.98,535.405,992.381,744.388,903.7,517.562,676.839,521.625,1008.29,498.263,968.995,686.687,
3.8,676.463,834.585,492.078,640.651,501.956,1056.47,537.466,994.916,743.379,905.783,515.645,676.8,523.023,1002.04,499.413,970.916,638.18,
3.81667,663.788,823.444,489.636,639.464,497.127,1058.11,538.78,996.001,741.261,906.353,513.595,676.415,523.812,996.581,500.045,971.699,591.61,
3.83333,650.794,811.865,487.253,638.491,491.803,1060.34,538.785,995.19,738.332,905.72,511.347,675.586,524.271,991.283,499.815,970.995,548.059,
3.85,637.694,799.901,485.048,637.709,486.116,1063,537.722,993.038,734.711,904.026,508.938,674.399,524.424,986.356,499.124,969.552,508.398,
3.86667,625.074,788.284,483.186,637.233,480.273,1065.59,535.426,989.036,730.837,901.786,506.518,672.98,524.44,981.395,497.799,966.821,473.56,
3.88333,613.335,777.326,481.56,636.839,474.803,1067.15,532.028,983.193,726.614,898.958,503.913,671.241,524.416,976.246,495.732,962.828,443.984,
3.9,603.097,767.855,480.22,636.632,470.017,1067.31,527.647,975.777,722.671,896.167,501.274,669.309,524.488,970.325,492.969,957.423,419.724,
3.91667,594.679,760.156,478.981,636.39,466.412,1065.45,522.627,967.134,719.067,893.475,498.747,667.338,524.624,963.747,489.669,951.012,400.247,
3.93333,588.688,754.906,477.957,636.259,464.147,1061.21,517.468,957.641,716.199,891.288,496.677,665.633,524.77,956.504,486.108,944.071,385.055,
3.95,585.073,751.904,476.994,635.923,463.369,1054.07,512.18,947.477,713.985,889.586,494.838,664.107,525.13,948.604,482.297,936.451,373.773,
3.96667,584.336,751.751,476.156,635.506,464.229,1044.12,507.333,936.98,712.871,888.812,493.542,663.026,525.679,940.294,478.636,928.58,366.488,
3.98333,586.407,754.322,475.6,635.064,466.436,1031.52,503.118,926.601,712.745,888.912,492.632,662.31,526.421,931.799,475.158,920.521,363.07,
4,590.868,759.118,475.281,634.621,469.69,1016.79,499.498,916.434,713.675,889.917,492.198,662.013,527.329,923.218,472.293,913.117,364.01,
4.01667,597.729,766.152,475.399,634.316,473.758,1000.63,496.447,906.897,715.596,891.832,492.255,662.173,528.33,915.218,470.053,906.2,369.694,
4.03333,606.266,774.704,475.676,634.058,478.48,983.329,493.214,897.432,718.188,894.282,492.806,662.672,529.223,907.325,467.855,899.088,380.551,
4.05,616.727,784.973,476.224,634.009,483.891,965.976,490.009,889.068,721.51,897.349,494.037,663.719,530.001,900.423,466.687,892.934,396.138,
4.06667,627.89,795.717,476.848,634.047,489.49,949.079,486.549,881.306,725.105,900.564,495.774,665.107,530.575,894.732,466.031,887.476,416.06,
4.08333,639.654,806.903,477.704,634.368,495.069,933.224,482.67,874.176,729.019,903.971,497.927,666.744,531.015,890.597,465.638,882.886,439.699,
4.1,651.4,817.978,478.658,634.97,500.53,918.903,478.551,868.296,732.925,907.176,500.301,668.363,531.293,888.032,465.448,879.426,466.111,
4.11667,663.401,829.194,479.948,635.987,505.792,906.613,474.665,863.843,736.821,910.229,502.529,669.733,531.583,887.643,465.364,877.301,494.901,
4.13333,675.646,840.756,481.862,637.862,510.574,896.745,471.104,861.107,740.602,912.906,504.522,670.634,531.869,889.302,465.18,876.68,525.228,
4.15,687.656,852.077,484.081,640.164,515.005,890.02,468.591,860.397,744.25,915.195,506.151,671.033,532.228,893.229,465.8,878.298,557.231,
4.16667,699.138,862.719,486.484,642.61,518.994,886.747,467.38,861.343,747.552,916.966,507.416,670.988,532.594,899.234,466.656,881.155,591.017,
4.18333,709.774,872.4,488.969,645.145,522.509,887.615,466.626,864.028,750.517,918.14,508.423,670.507,532.929,907.379,467.744,885.588,626.834,
4.2,719.229,880.658,491.827,647.84,525.113,892.998,470.14,868.307,753.002,918.647,509.311,669.73,533.14,917.321,468.865,891.136,664.424,
4.21667,727.032,887.088,494.729,650.438,526.918,903.07,472.98,873.957,755.089,918.48,510.209,668.661,533.217,928.941,469.862,898.059,703.603,
4.23333,733.234,891.503,497.687,652.738,527.907,917.486,477.557,880.926,756.831,917.803,511.072,667.4,533.219,942.32,472.065,906.117,745.015,
4.25,738.65,894.865,500.626,654.757,528.518,936.522,483.097,888.947,758.89,917.019,512.182,666.093,533.221,956.9,474.558,914.723,789.526,
4.26667,742.552,896.207,503.323,656.089,528.489,959.647,488.684,896.888,761.06,915.995,513.45,664.762,533.22,972.59,478.703,923.067,837.303,
4.28333,745.691,896.309,505.899,656.917,528.129,987.022,493.558,905.486,763.436,914.829,514.952,663.504,533.219,989.98,483.203,931.241,887.293,
4.3,747.861,894.826,508.165,657.021,527.439,1018.18,497.683,914.109,765.855,913.45,516.563,662.256,533.219,1009.17,487.681,939.075,938.787,
4.31667,748.97,891.549,509.939,656.247,526.518,1052.9,501.237,922.742,768.103,911.781,518.12,660.991,533.218,1030.42,491.732,946.687,990.625,
4.33333,749.131,886.683,511.358,654.833,525.334,1090.3,503.529,931.028,769.86,909.539,519.423,659.491,533.171,1053.52,495.348,953.651,1041.35,
4.35,748.247,879.979,512.287,652.577,524.099,1129.59,505.435,939.268,770.999,906.868,520.343,657.86,533.077,1078.82,498.475,960.748,1089.8,
4.36667,746.906,872.37,513.014,649.948,522.918,1169.93,507.132,947.148,771.46,903.437,520.85,655.857,532.87,1105.95,501.403,967.921,1135.63,
4.38333,744.646,863.134,513.301,646.607,521.722,1210.7,508.679,954.404,771.198,899.51,520.981,653.84,532.498,1134.81,503.948,974.752,1178.1,
4.4,741.3,852.344,513.15,642.729,520.441,1251.29,508.638,960.362,769.964,894.376,520.666,651.472,531.816,1164.92,505.663,980.644,1217.57,
4.41667,736.89,839.951,512.55,638.161,518.984,1291.23,508.146,964.673,767.771,888.098,520.071,649.098,530.705,1196.41,506.715,985.303,1253.41,
4.43333,730.723,824.88,511.165,632.244,517.289,1330.04,505.908,967.109,764.498,880.622,519.311,646.991,529.001,1229.55,506.178,987.89,1285.26,
4.45,722.958,807.671,509.062,625.336,515.273,1367.41,502.574,967.563,759.786,871.276,518.399,645.057,526.513,1264.4,504.376,988.413,1311.99,
4.46667,713.673,788.341,506.303,617.382,512.873,1402.9,498.425,966.331,753.432,860.012,517.461,643.558,523.109,1300.64,501.38,987.049,1332.59,
4.48333,703.149,767.509,503.113,608.765,510.036,1436.05,493.716,963.273,745.863,847.468,516.499,642.197,519.182,1336.8,497.358,983.902,1346.19,
4.5,691.605,745.772,499.887,600.196,506.49,1466.32,488.81,959.134,737.665,834.302,515.5,640.559,515.306,1371.15,492.856,979.568,1353.01,
4.51667,679.83,724.566,496.865,592.204,502.582,1493.1,484.247,953.964,729.479,821.217,514.299,638.24,511.922,1402.36,488.416,974.405,1353.99,
4.53333,667.305,702.67,493.686,583.908,498.451,1516.18,479.961,947.957,722.48,809.853,513.359,635.978,509.353,1429.71,482.803,967.583,1350.86,
4.55,655.486,683.062,491.057,577.045,494.136,1535.08,477.013,941.909,716.325,799.404,512.269,633.123,507.567,1453.13,478.356,960.932,1344.61,
4.56667,644.5,665.685,488.714,571.159,489.896,1549.84,475.518,935.922,711.464,790.542,511.164,630.013,506.745,1472.52,474.605,954.344,1336.9,
4.58333,634.002,649.631,486.264,565.569,485.919,1560.55,475.174,930.306,708.34,784.222,510.195,627.176,506.608,1488.09,472.085,948.437,1328.77,
4.6,624.96,636.531,484.258,561.33,482.205,1567.12,476.555,926.288,706.718,780.321,509.68,625.195,506.995,1500.17,471.69,943.305,1321.36,
4.61667,618.105,627.262,482.841,558.595,479.135,1569.83,477.965,922.976,705.96,777.736,509.221,623.401,507.507,1509.21,471.736,939.006,1315.59,
4.63333,614.035,622.827,482.651,558.363,476.288,1569.11,480.384,922.399,705.851,776.542,509.098,622.427,508.005,1515.44,474.052,936.819,1312.17,
4.65,612.464,622.353,483.348,559.936,474.001,1565.43,482.884,924.085,706.436,776.982,509.407,622.546,508.255,1519.13,477.803,936.947,1311.12,
4.66667,613.327,625.519,484.739,562.94,472.514,1559.12,485.69,928.024,707.436,778.897,510.305,624.122,507.949,1520.61,482.579,938.786,1312.06,
4.68333,616.238,631.601,486.655,567.029,471.837,1550.25,488.342,933.949,708.855,782.199,511.452,626.654,507.395,1519.7,487.629,942.906,1314.4,
4.7,621.423,641.369,489.285,572.678,471.933,1538.85,491.135,940.995,710.168,785.863,512.596,629.558,506.523,1516.3,492.983,948.126,1317.32,
4.71667,628.047,653.106,492.134,578.802,472.481,1524.65,493.617,948.622,711.455,789.985,513.68,632.76,505.404,1510.25,497.929,954.121,1319.87,
4.73333,635.231,665.774,494.957,585.076,473.38,1507.49,495.866,955.904,712.599,794.273,514.631,636.072,504.157,1501.57,502.128,959.772,1320.9,
4.75,642.496,678.783,497.568,591.167,474.579,1486.89,497.607,962.123,713.404,798.408,515.373,639.358,502.826,1490.25,505.024,964.436,1319.59,
4.76667,649.874,692.331,500.051,597.24,475.811,1462.56,498.869,966.878,713.398,801.771,515.991,642.702,501.105,1476.25,506.631,967.63,1315.22,
4.78333,657.109,706.196,502.427,603.38,476.956,1434.28,499.341,969.627,712.075,803.595,516.36,645.802,498.875,1459.68,506.651,969.029,1307.09,
4.8,664.085,720.314,504.676,609.527,477.842,1402.36,498.955,970.066,709.725,804.263,516.62,648.737,496.202,1440.27,504.929,967.908,1294.97,
4.81667,670.398,733.922,506.655,615.353,478.417,1367.22,497.909,968.098,706.705,804.265,516.909,651.589,493.165,1417.96,501.256,964.081,1278.88,
4.83333,676.218,747.511,508.535,621.309,478.598,1329.23,495.892,963.513,703.19,803.282,517.022,653.678,490.133,1392.69,495.804,958.056,1259.28,
4.85,681.473,760.674,510.151,626.961,478.609,1289.18,493.367,956.147,699.503,801.934,517.003,655.211,487.254,1365.31,488.642,949.46,1236.78,
4.86667,685.325,772.174,511.476,632.13,478.011,1248.53,490.481,946.366,695.65,800.377,516.922,656.33,484.403,1336.47,479.837,938.527,1211.4,
4.88333,688.137,782.511,512.622,637.094,476.926,1208.29,487.364,934.661,691.212,798.049,516.929,657.094,480.972,1306.91,470.066,925.701,1183.64,
4.9,690.142,791.633,513.55,641.484,475.774,1169.39,484.247,921.621,686.144,795.383,516.987,657.712,476.999,1277.52,459.547,911.743,1153.82,
4.91667,691.558,799.657,514.232,645.299,474.663,1132.95,480.673,908.347,679.972,791.885,517.042,658.181,472.117,1249.23,448.951,897.708,1122.23,
4.93333,692.215,806.2,514.733,648.503,473.604,1099.81,476.706,895.725,672.219,787.02,517.026,658.441,466.169,1223.39,438.696,884.539,1089.32,
4.95,693.013,812.593,514.645,650.678,473.348,1070.88,473.292,884.806,663.498,781.682,517.049,658.623,459.398,1200.74,430.104,873.476,1054.94,
4.96667,693.024,817.415,514.19,651.93,473.106,1047.23,471.46,876.709,653.409,775.308,516.849,658.543,451.67,1182.37,423.43,865.393,1019.36,
4.98333,691.958,820.433,513.408,652.35,472.854,1029.25,470.74,872.019,642.036,767.808,516.651,658.303,443.183,1168.61,419.499,861.083,982.546,
5,690.312,822.533,512.281,652.268,472.796,1017.18,471.853,871.458,629.943,759.679,516.477,657.944,434.517,1159.59,419.554,861.227,944.117,
5.01667,688.597,824.293,511.103,652.042,472.874,1010.61,474.293,875.186,618.271,752.065,516.322,657.646,426.056,1154.93,422.044,865.998,904.705,
5.03333,687.081,826.224,510.147,652.166,472.818,1009.23,478.338,883.301,608.504,746.421,516.045,657.414,419.012,1154.41,428.335,875.618,864.367,
5.05,685.186,827.603,509.576,652.937,472.202,1012.24,484.161,895.168,600.013,741.678,515.565,657.232,413.393,1157.29,438.69,889.691,823.455,
5.06667,682.288,827.617,508.653,653.406,471.469,1018.76,491.772,909.774,593.255,738.319,514.874,657.279,409.682,1162.64,452.239,907.125,782.398,
5.08333,678.979,827.064,508.013,654.255,470.161,1027.92,499.652,926.086,587.781,735.748,513.976,657.364,407.703,1169.46,467.959,926.258,741.522,
5.1,675.033,825.613,507.523,655.332,468.611,1038.74,509.284,942.903,583.912,734.249,512.906,657.545,407.296,1176.99,485.205,946.747,701.49,
5.11667,670.569,823.316,507.041,656.411,466.821,1050.54,519.111,959.253,580.924,733.096,511.725,657.784,407.816,1184.26,502.653,966.534,662.887,
5.13333,666.117,820.754,506.75,657.649,464.763,1062.42,528.797,973.783,578.984,732.641,510.657,658.16,408.714,1190.49,519.427,985.073,626.463,
5.15,661.636,817.904,506.668,659.106,462.468,1073.58,537.819,985.611,576.827,731.611,509.872,658.673,408.76,1195.13,534.622,1001.04,592.537,
5.16667,657.05,814.531,506.895,660.529,459.466,1083.34,545.893,994.984,574.215,730.209,509.471,659.66,407.626,1198.11,547.216,1013.39,560.682,
5.18333,651.692,809.922,507.005,661.366,455.616,1091.24,552.572,1001.34,571.031,728.498,509.354,661.142,405.441,1199.19,555.998,1021.47,531.07,
5.2,644.789,803.434,505.833,660.73,451.889,1096.94,557.01,1003.72,565.695,724.584,509.532,662.813,400.938,1198.74,560.946,1025.8,503.528,
5.21667,636.946,795.766,503.958,659.114,448.048,1100.28,558.688,1002.52,559.33,719.808,509.81,664.574,395.564,1196.22,561.85,1026.24,478.392,
5.23333,628.988,787.975,502.068,657.183,444.114,1101.08,557.16,997.889,553.303,715.672,510.133,666.402,390.344,1191.45,558.674,1022.86,455.878,
5.25,620.982,779.985,500.55,655.524,439.892,1099.24,552.525,990.407,547.138,711.212,510.201,667.866,385.637,1184.37,552.042,1016.63,436.446,
5.26667,613.826,772.851,499.506,654.25,435.679,1095,544.703,980.603,542.085,707.802,510.019,668.938,382.743,1175.06,542.506,1007.89,419.999,
5.28333,607.322,766.177,498.763,653.148,431.833,1088.64,534.551,969.429,537.356,704.447,509.613,669.666,380.725,1164.48,530.512,997.018,406.639,
5.3,601.559,760.275,498.122,652.259,428.531,1080.86,522.424,956.827,532.993,701.131,509.011,669.842,379.263,1153.23,516.885,984.855,396.575,
5.31667,596.527,754.887,497.819,651.604,425.339,1072.53,509.537,944.001,528.432,697.351,508.719,670.114,377.454,1142.71,502.474,972.232,389.931,
5.33333,592.312,750.341,497.718,651.175,422.533,1064.55,497.038,931.577,523.673,693.103,508.519,670.106,374.856,1134.03,488.268,960.125,386.565,
5.35,588.871,746.58,497.97,651.054,419.818,1057.96,486.276,920.567,518.889,688.628,508.462,669.947,371.647,1128,475.258,949.533,386.179,
5.36667,585.728,742.879,498.646,651.166,416.581,1053.59,478.568,912.645,513.997,683.873,508.412,669.689,368.224,1125.39,464.509,941.06,388.594,
5.38333,582.781,739.415,499.618,651.582,413.261,1052.31,474.825,907.899,509.164,678.983,508.578,669.317,364.071,1126.69,457.149,936.261,393.607,
5.4,580.101,736.264,500.821,652.263,409.898,1054.63,476.004,907.471,504.577,674.179,508.973,668.892,359.406,1132.27,454.49,935.608,400.752,
5.41667,578.1,733.978,502.142,653.174,406.775,1060.59,480.857,911.3,500.671,669.974,509.481,668.241,354.577,1142.13,456.482,939.401,409.482,
5.43333,575.582,731.12,503.179,653.864,403.501,1069.96,487.713,919.328,496.745,665.557,510.282,667.649,349.042,1156.14,463.204,947.737,418.974,
5.45,573.336,728.633,503.863,654.289,400.359,1082.14,496.071,930.19,493.48,661.744,511.398,667.178,343.301,1173.28,473.815,959.797,428.456,
5.46667,571.404,726.399,504.353,654.532,397.467,1096.06,505.064,943.457,491.208,658.876,512.427,666.673,338.439,1192.05,487.247,973.961,437.424,
5.48333,569.946,724.661,504.794,655.028,395.164,1110.69,515.462,957.851,489.957,656.8,513.488,666.21,334.329,1210.93,502.793,989.874,445.663,
5.5,568.801,723.102,504.962,655.239,392.643,1124.95,526.317,972.016,489.923,655.895,514.58,666.066,331.246,1228.55,518.5,1005.59,452.9,
5.51667,567.687,721.577,505.062,655.617,390.487,1137.92,536.602,984.492,490.323,655.202,515.669,665.974,328.34,1243.86,533.28,1019.97,459.541,
5.53333,566.54,719.884,504.988,655.773,388.142,1148.87,545.594,994.42,490.428,654.219,516.767,666.158,325.269,1256.5,545.813,1031.48,465.31,
5.55,565.592,718.23,505.275,656.179,385.317,1157.27,553.068,1001.74,489.705,652.45,517.737,666.462,321.741,1266.21,555.081,1039.04,470.367,
5.56667,563.737,715.224,504.534,655.05,383.014,1162.82,558.364,1005.95,488.306,650.303,518.839,667.552,317.968,1272.75,559.898,1041.8,474.888,
5.58333,562.109,712.605,503.643,653.718,381.232,1165.45,560.633,1006.33,486.431,647.801,519.738,668.565,313.728,1275.94,560.84,1040.64,479.199,
5.6,560.151,709.362,502.881,652.197,379.615,1165.31,559.734,1003.57,484.243,645.19,520.469,669.873,310.099,1275.67,557.786,1035.77,483.657,
5.61667,558.38,706.247,502.317,650.662,378.139,1162.63,555.721,997.776,482.272,643.059,521.057,671.361,307.166,1272.35,551.048,1027.74,488.281,
5.63333,557.505,703.935,501.994,649.246,377.155,1157.58,548.69,989.675,480.895,641.744,521.485,672.889,305.653,1266.09,541.478,1017.63,493.303,
5.65,557.456,702.436,501.896,648.031,377.121,1150.43,539.452,979.595,479.709,640.781,521.766,674.29,304.745,1257.77,529.608,1005.78,498.791,
5.66667,558.137,701.496,501.938,646.979,377.584,1141.79,528.595,968.75,478.827,640.19,521.893,675.491,304.922,1247.77,516.461,993.074,504.791,
5.68333,559.597,701.4,502.057,646.196,378.683,1132.31,517.041,957.203,477.735,639.366,521.973,676.339,305.234,1237.38,503.052,980.439,511.318,
5.7,561.977,702.348,502.322,645.589,380.331,1122.8,506.298,946.406,477.095,639.059,522.074,676.982,305.776,1227.58,490.28,968.473,518.105,
5.71667,563.977,703.032,502.682,645.122,381.865,1113.86,496.743,936.342,475.175,637.32,522.193,677.266,305.2,1219.88,478.55,957.397,525.144,
5.73333,566.347,704.371,503.104,644.834,383.767,1106.29,490.336,928.607,473.035,635.145,522.369,677.275,304.227,1214.98,469.477,949.148,532.192,
5.75,568.151,705.231,503.626,644.576,384.921,1100.96,488.187,923.883,470.609,632.562,522.483,677.052,303.376,1213.35,463.161,943.511,538.886,
5.76667,569.943,706.616,504.232,644.456,385.966,1098.13,489.963,922.234,468.437,630.115,522.454,676.341,302.397,1215.2,460.225,941.069,544.655,
5.78333,571.253,708.025,504.867,644.442,386.437,1098.24,494.705,923.754,466.465,627.788,522.278,675.155,301.432,1220.39,459.96,941.738,549.124,
5.8,572.371,709.676,505.647,644.656,386.821,1101.08,503.286,928.888,465.778,626.748,522.518,674.268,300.448,1228.44,463.034,946.079,552.111,
5.81667,573.415,711.651,506.349,644.942,387.334,1106.26,515.074,937.48,465.856,626.408,522.825,673.254,299.434,1238.62,468.773,953.683,553.376,
5.83333,574.326,713.943,507.038,645.524,388.117,1113.42,529.304,948.58,466.89,626.992,523.125,672.008,298.432,1250.01,476.778,964.011,553.025,
5.85,575.195,716.483,507.54,646.068,389.427,1121.96,545.27,961.724,468.979,628.723,523.654,671.017,297.432,1262.24,486.335,976.401,551.032,
5.86667,576.053,719.406,508.048,646.963,390.766,1131.54,561.615,975.621,471.556,630.893,523.465,669.167,297.222,1274.41,497.066,989.666,547.317,
5.88333,576.203,721.725,508.181,647.75,392.219,1141.45,577.201,989.384,473.967,632.783,522.923,666.98,297.421,1286.02,508.591,1002.95,542.044,
5.9,576.234,723.875,508.069,648.395,393.985,1151.09,591.652,1002.77,476.426,634.771,522.145,664.871,298.349,1296.8,520.235,1015.57,535.632,
5.91667,576.354,726.113,507.675,649.02,395.848,1159.9,603.762,1014.94,478.385,636.144,521.204,662.773,299.61,1306.28,531.293,1026.95,528.293,
5.93333,576.592,728.272,506.992,649.51,397.943,1167.42,613.588,1025.58,479.766,636.888,520.238,660.982,301.3,1314.1,541.126,1036.7,520.455,
5.95,577.864,731.34,505.993,649.711,400.504,1173.03,620.79,1034.4,481.405,638.076,519.371,659.742,303.522,1319.96,549.273,1044.67,512.291,
5.96667,578.095,733.045,504.493,649.421,402.538,1176.71,624.762,1040.27,480.96,637.085,518.635,658.87,304.42,1323.86,554.161,1049.39,503.907,
5.98333,578.021,734.178,503.124,649.159,403.766,1178.39,625.805,1043.56,479.523,635.312,518.103,658.605,304.602,1325.6,556.464,1051.56,495.077,
6,576.597,733.601,501.663,648.536,403.727,1177.88,623.828,1043.78,476.558,632.18,517.735,658.917,304.027,1324.8,555.639,1050.57,485.682,
6.01667,574.938,732.852,500.867,648.523,402.521,1175.32,618.701,1040.51,472.843,628.624,517.554,659.613,302.422,1321.37,551.644,1046.23,475.771,
6.03333,571.555,729.978,500.077,648.073,400.075,1170.7,610.322,1034.36,467.872,624.059,517.392,660.854,300.531,1315.25,544.711,1038.73,465.393,
6.05,567.83,726.837,499.986,648.225,396.819,1164.08,598.949,1024.98,462.858,619.69,517.251,662.295,298.293,1306.36,535.442,1028.73,454.654,
6.06667,564.104,723.632,500.242,648.582,393.632,1155.58,584.859,1013.37,458.112,615.761,517.001,663.892,296.741,1294.94,524.164,1016.61,443.833,
6.08333,561.283,721.397,500.829,649.172,391.302,1145.23,568.962,999.821,454.771,613.541,516.668,665.594,296.228,1281.12,511.248,1002.66,432.986,
6.1,559.349,719.945,501.63,650.037,390.042,1133.13,552.095,985.496,452.419,612.345,516.145,667.109,296.791,1265.17,497.683,988.009,422.549,
6.11667,558.45,719.438,502.409,650.916,389.858,1119.66,535.176,970.611,451.775,612.986,515.437,668.369,299.265,1247.11,483.964,972.948,412.761,
6.13333,559.132,720.529,503.077,651.766,390.912,1105.26,519.447,955.958,453.501,616.109,514.741,669.425,303.229,1227.31,470.923,958.212,404.051,
6.15,560.997,722.74,503.251,652.111,393.298,1090.5,505.827,942.327,457.379,621.397,514.077,670.247,308.578,1206.48,459.19,944.467,397.069,
6.16667,563.75,725.944,502.84,652.017,396.762,1076.33,495.87,929.667,463.063,628.391,513.594,670.751,314.59,1185.5,449.419,932.016,392.485,
6.18333,566.177,728.642,501.681,651.061,400.63,1063.79,491.112,918.446,469.553,635.952,513.231,670.995,320.921,1165.27,442.341,921.599,390.852,
6.2,568.149,730.707,500.618,649.887,403.692,1053.78,490.156,909.343,476.624,643.95,513.045,671.076,327.459,1146.96,437.493,913.413,392.475,
6.21667,570.472,733.065,500.026,648.782,406.073,1047.29,494.192,902.569,484.895,653.133,513.288,671.163,333.649,1131.81,435.16,907.784,397.387,
6.23333,571.97,734.401,499.538,647.422,407.595,1045.13,502.38,898.987,492.672,661.567,513.887,671.19,338.647,1121.15,435.37,905.196,405.363,
6.25,572.88,734.983,499.465,646.163,407.986,1047.79,513.843,898.822,499.817,669.057,514.923,671.216,341.996,1115.64,437.689,905.67,416.314,
6.26667,573.206,734.674,499.84,645.005,407.031,1055.55,527.465,902.137,506.384,675.727,516.415,671.447,344.28,1115.53,442.277,909.692,429.718,
6.28333,572.541,733.178,500.519,643.98,405.055,1068.01,542.173,909.071,511.337,680.402,518.154,671.593,344.643,1120.91,448.054,916.46,445.099,
6.3,571.449,731.006,501.715,643.163,402.031,1084.23,556.893,918.48,515.159,683.705,520.095,671.725,343.584,1131,455.509,925.723,462.11,
6.31667,570.071,728.407,502.885,642.308,398.924,1103.38,571.237,930.257,517.63,685.27,521.785,671.331,341.097,1145.3,463.914,937.139,480.749,
6.33333,569.246,726.138,504.216,641.516,395.99,1124.31,584.901,943.946,520.019,686.507,523.496,670.943,338.049,1162.46,473.558,950.415,500.829,
6.35,569.371,724.692,505.58,640.698,393.486,1145.85,597.346,958.864,521.916,687.065,524.627,670.015,334.914,1181.77,483.847,964.646,521.344,
6.36667,571.051,724.768,506.977,639.932,391.994,1166.44,608.338,974.309,523.616,687.317,525.313,668.747,331.792,1201.94,495.492,979.256,541.582,
6.38333,574.853,726.955,508.358,639.455,392.106,1185.07,617.6,990.457,524.856,686.964,525.631,667.359,328.985,1221.81,508.629,994.093,561.075,
6.4,579.759,730.297,509.197,638.681,393.69,1201.14,624.85,1005.99,525.079,685.563,525.592,665.81,326.261,1240.64,522.354,1008.18,578.616,
6.41667,585.286,734.199,509.538,637.472,396.236,1214.14,630.285,1020.38,524.994,683.981,525.426,664.565,324.195,1257.23,535.496,1021.09,593.913,
6.43333,591.849,739.424,509.601,636.353,399.934,1223.49,633.847,1032.69,524.341,681.878,525.148,663.356,322.484,1271.01,547.755,1032.31,606.945,
6.45,598.343,744.76,509.315,635.12,403.919,1229.09,634.99,1042.21,522.886,679.062,524.802,662.289,321.374,1281.49,558.51,1040.96,617.853,
6.46667,605.27,750.961,509.056,634.196,408.295,1230.83,634.006,1048.28,521.493,676.567,524.449,661.386,320.978,1288.6,567.589,1046.8,626.823,
6.48333,612.164,757.56,508.922,633.805,412.531,1228.48,630.19,1050.49,519.197,673.279,524.058,660.535,320.596,1292.57,574.59,1049.25,634.149,
6.5,619.224,764.9,509.049,634.218,416.967,1221.95,623.514,1048.94,516.174,669.286,523.634,659.681,319.993,1293.73,579.247,1048.39,640.171,
6.51667,626.019,772.324,509.211,635.273,421.618,1211.39,613.831,1043.62,512.187,664.233,523.139,658.798,319.347,1292.07,581.073,1044.1,645.251,
6.53333,632.284,779.573,509.525,636.954,426.436,1197.28,600.837,1034.64,506.906,657.898,522.537,657.841,317.783,1288.09,579.01,1036,649.207,
6.55,638.732,787.381,509.868,639.068,431.822,1180,585.228,1022.62,501.786,651.983,522.155,657.309,315.566,1281.56,573.28,1024.81,651.872,
6.56667,645.14,795.385,510.478,641.84,437.356,1159.9,566.839,1008.1,496.542,646.025,521.987,657.075,312.62,1272.31,563.812,1010.99,653.724,
6.58333,651.013,802.889,510.948,644.606,442.981,1137.59,546.664,991.448,491.161,640.072,521.802,657.099,309.687,1260.36,551.169,994.886,654.471,
6.6,656.695,810.1,511.097,646.816,448.73,1113.85,525.416,973.342,487.45,636.399,521.926,657.957,307.431,1245.43,536.166,976.954,654.083,
6.61667,661.479,816.281,510.995,648.723,454.168,1089.63,504.017,954.426,484.617,633.796,522.09,659.145,305.8,1227.7,519.964,958.34,652.608,
6.63333,665.582,821.586,510.682,650.161,459.315,1065.59,483.166,935.423,483.631,633.443,522.305,660.747,305.454,1207.27,503.713,939.697,649.981,
6.65,668.805,825.772,510.09,650.979,463.662,1042.82,464.166,917.315,484.879,635.749,522.51,662.634,306.838,1184.35,489.084,921.922,645.873,
6.66667,671.227,828.868,509.418,651.323,467.465,1021.89,447.432,900.476,488.604,640.947,522.618,664.69,310.013,1159.73,476.993,905.389,640.648,
6.68333,673.074,831.283,508.63,651.204,470.507,1003.97,433.824,885.679,495.248,649.405,522.566,666.523,315.014,1134.12,468.276,890.735,634.381,
6.7,673.823,832.378,507.874,650.797,472.444,989.576,423.989,873.672,504.654,660.788,522.234,668.054,322.386,1108.61,464.892,879.38,627.099,
6.71667,672.804,831.571,507.209,650.162,472.983,979.363,417.105,864.245,514.982,673.055,521.401,668.784,330.988,1084.4,463.572,870.657,618.821,
6.73333,670.79,829.765,506.697,649.598,472.903,973.666,414.69,859.082,527.827,687.694,520.692,669.372,341.514,1062.12,465.878,865.992,610.278,
6.75,668.951,828.197,506.426,649.11,472.484,972.664,415.379,858.177,543.55,705.148,519.589,669.251,354.281,1042.24,470.485,865.272,602.208,
6.76667,666.03,825.382,506.234,648.549,471.316,975.78,418.46,860.779,559.755,722.722,518.607,669.151,368.076,1025.94,477.442,868.47,595.915,
6.78333,662.835,822.15,506.367,648.12,469.407,982.701,423.671,866.493,576.335,740.389,517.763,669.137,382.252,1014.05,485.763,874.705,592.198,
6.8,660.482,819.645,506.765,647.81,467.61,992.738,430.277,875.316,593.909,758.865,516.966,669.185,396.852,1006.58,493.766,884.069,591.696,
6.81667,657.619,816.332,507.389,647.461,464.95,1005.32,437.544,885.809,610.579,776.266,515.944,669.207,411.224,1003.31,500.147,895.443,593.874,
6.83333,654.185,812.094,508.04,646.965,461.715,1019.33,445.033,897.184,625.687,792.024,514.793,669.371,424.471,1003.56,506.265,908.167,597.926,
6.85,651.252,808.091,508.575,646.353,458.9,1033.63,452.094,909.145,639.219,806.219,513.647,669.693,436.711,1006.34,511.466,921.438,602.978,
6.86667,649.224,804.75,508.945,645.65,456.885,1047.18,459.027,921.244,651.529,819.257,512.561,670.173,447.806,1010.78,515.636,935.354,608.39,
6.88333,648.163,802.256,509.309,645.095,455.547,1059.16,465.985,932.796,662.432,830.906,511.396,670.481,457.668,1016.3,518.726,948.789,613.793,
6.9,647.927,800.572,509.488,644.607,455.342,1068.97,472.122,943.254,671.789,840.934,510.229,670.602,466.158,1022.39,520.996,960.968,619.26,
6.91667,647.723,798.964,509.586,644.268,455.28,1076.34,476.978,951.911,679.425,849.127,509.126,670.532,473.264,1028.48,522.354,971.462,624.478,
6.93333,647.046,797.042,509.524,644.147,455.329,1081.04,480.492,958.42,685.236,855.317,508.252,670.361,478.902,1034.01,522.82,979.914,629.009,
6.95,646.126,795.094,509.45,644.296,455.214,1082.88,482.79,962.994,689.743,860.096,507.462,669.96,483.198,1038.51,522.214,986.186,632.686,
6.96667,645.487,793.894,509.395,644.861,455.268,1081.74,483.381,965.116,693.607,864.138,506.853,669.329,486.533,1041.46,520.407,989.766,635.437,
6.98333,644.909,793.195,509.325,645.814,455.425,1077.76,482.607,965.114,696.885,867.487,506.421,668.512,489.22,1042.35,517.359,990.968,637.253,
7,644.418,793.014,509.147,647.042,456.01,1071.19,480.405,963.218,699.697,870.257,506.055,667.468,491.466,1041.1,513.072,989.998,638.149,
7.01667,644.504,793.898,509.034,648.64,456.794,1062.31,477.334,959.783,702.52,872.942,505.695,666.179,493.723,1037.69,507.74,987.226,638.244,
7.03333,644.412,794.758,508.778,650.278,457.795,1051.33,474.014,955.646,705.159,875.313,505.436,664.958,496.087,1032.1,501.724,983.232,637.916,
7.05,644.615,795.918,508.523,651.821,458.883,1038.61,471.279,951.235,708.197,878.092,505.284,664.027,499.07,1024.55,495.028,977.69,637.573,
7.06667,644.918,797.31,508.127,653.288,460.425,1024.75,469.226,946.165,711.453,880.964,505.413,663.417,502.066,1015.56,487.83,971.453,637.266,
7.08333,645.618,799.242,507.697,654.573,462.292,1010.07,468.33,940.607,714.814,883.895,505.905,663.219,504.911,1005.62,480.436,964.146,636.754,
7.1,646.927,802.128,507.273,655.92,464.664,995.24,468.485,933.964,718.228,886.645,506.916,663.329,507.317,995.211,473.5,956.551,636.125,
7.11667,649.021,805.852,507,657.17,467.126,980.618,469.68,927.829,721.31,888.992,508.277,663.743,509.219,984.942,467.098,949.06,635.322,
7.13333,651.612,809.943,506.887,658.204,469.632,966.351,471.268,922.086,723.726,890.697,509.636,664.223,510.729,975.653,462.018,942.28,634.221,
7.15,655.778,815.612,507.056,659.15,472.517,953.259,471.614,916.566,725.46,891.742,510.888,664.61,511.881,968.012,457.245,935.269,632.705,
7.16667,660.31,821.357,507.133,659.624,475.66,941.612,471.168,912.374,725.58,891.245,511.754,664.659,512.313,962.283,453.641,929.365,630.953,
7.18333,666.108,828.132,507.444,659.979,479.303,931.773,470.073,909.871,724.423,889.623,511.988,664.254,512.323,959.57,451.217,925.221,628.978,
7.2,673.651,836.592,508.491,661.054,483.456,924.274,468.938,908.501,721.971,886.698,511.722,663.354,511.833,960.049,450.108,922.211,627.131,
7.21667,681.794,845.424,509.542,662.054,487.887,919.197,467.562,909.107,718.241,882.59,510.865,662.042,511,963.878,450.18,921.327,625.591,
7.23333,690.767,854.964,510.842,663.341,492.479,916.688,466.328,910.832,713.726,877.749,509.451,660.364,510.104,970.709,451.294,921.573,624.644,
7.25,700.121,864.821,512.218,664.838,497.021,916.56,465.653,914.318,708.846,872.552,507.607,658.404,509.247,979.966,453.49,923.404,624.327,
7.26667,708.921,874.038,513.636,666.628,501.206,918.744,465.743,919.424,702.916,866.215,505.319,656.14,508.224,990.862,457.226,927.469,624.743,
7.28333,716.607,882.068,514.489,667.971,505.21,922.743,466.522,925.35,695.907,858.698,502.599,653.525,506.891,1002.64,461.405,932.114,625.833,
7.3,723.423,889.089,514.882,668.85,508.942,928.367,467.677,931.548,688.368,850.689,499.888,651.043,505.2,1014.86,465.865,937.101,627.668,
7.31667,729.306,895.059,514.907,669.35,512.462,935.338,469.481,938.333,680.685,842.613,497.366,648.895,503.189,1027.15,470.642,942.66,629.792,
7.33333,733.758,899.463,514.57,669.348,515.421,943.195,471.203,944.668,672.594,834.186,495.353,647.295,500.329,1038.58,474.923,947.708,632.21,
7.35,736.92,902.412,513.869,668.779,517.826,951.642,473.055,950.427,664.717,826.152,493.926,646.44,497.036,1048.78,479.061,952.181,634.343,
7.36667,739.016,904.226,512.937,667.874,519.779,960.011,474.477,955.162,657.429,818.788,493.427,646.503,493.056,1057.38,482.785,956.121,636.257,
7.38333,740.279,905.071,511.907,666.685,521.256,967.776,475.41,958.834,650.541,811.931,493.527,647.237,488.659,1064.24,485.553,958.769,638.076,
7.4,740.981,905.292,510.882,665.384,522.424,974.326,475.753,961.293,644.401,805.852,494.292,648.563,483.965,1069.26,487.97,960.448,639.909,
7.41667,741.171,905.077,509.849,664.09,523.27,979.793,474.8,961.988,639.149,800.606,495.749,650.344,478.944,1071.97,489.769,960.657,641.591,
7.43333,741.119,904.415,509.089,662.73,523.719,983.2,472.949,961.186,634.733,796.362,497.567,652.543,473.935,1072.66,490.832,959.077,643.521,
7.45,741.167,903.81,508.482,661.508,524.208,984.44,469.939,958.919,631.034,792.851,499.727,654.917,468.775,1071.3,491.423,956.093,645.874,
7.46667,741.513,903.42,508.117,660.488,524.773,983.569,466.143,955.628,628.412,790.527,502.23,657.454,463.666,1067.87,491.766,952.057,648.734,
7.48333,741.865,902.996,507.986,659.675,525.214,980.521,461.01,950.346,626.272,788.652,504.719,659.775,458.689,1062.41,491.561,946.413,652.413,
7.5,742.358,902.607,507.912,658.897,525.747,975.682,454.973,943.807,625.729,788.502,507.232,661.99,454.395,1055.04,490.956,939.731,657.064,
7.51667,742.823,902.235,507.976,658.29,526.177,969.749,448.925,937.008,627.05,790.275,509.622,663.88,451.148,1046.26,490.279,932.861,662.067,
7.53333,742.903,901.316,508.033,657.474,526.33,963.265,443.317,929.724,629.989,793.811,511.437,665.305,449.813,1036.41,489.096,925.376,667.216,
7.55,742.283,900.035,508.018,656.858,526.199,957.359,438.092,922.503,634.327,798.515,512.751,665.917,450.013,1025.84,487.934,918.824,671.845,
7.56667,741.113,898.195,507.983,656.177,525.745,952.16,434.591,916.635,640.125,804.666,513.305,665.922,452.251,1015.16,486.122,912.718,676.353,
7.58333,739.299,895.973,507.87,655.623,524.965,948.687,432.61,912.282,647.637,812.414,513.318,665.427,456.44,1004.75,484.513,908.201,679.862,
7.6,737.254,893.697,507.856,655.33,523.868,947.797,432.323,909.729,656.99,822.04,512.997,664.784,462.505,995.166,482.267,905.442,681.906,
7.61667,734.358,890.973,507.807,655.383,522.364,948.955,433.712,909.243,666.541,831.57,512.166,663.742,469.406,986.899,480.484,904.667,682.92,
7.63333,731.103,888.069,507.896,655.742,520.477,952.089,436.583,911.011,676.979,842.022,511.194,662.897,477.16,980.57,480.016,906.606,682.263,
7.65,727.543,885.151,508.156,656.54,518.328,957.137,441.225,914.988,687.487,852.493,509.942,662.018,485.306,976.497,480.62,910.835,679.791,
7.66667,724.559,883.003,508.898,657.98,516.066,963.309,447.242,920.974,698.319,863.341,508.957,661.574,493.46,974.822,482.901,917.27,675.674,
7.68333,721.435,880.856,509.81,659.693,513.556,970.227,453.725,927.945,707.853,872.844,507.834,661.062,501.026,975.181,485.865,924.833,670.289,
7.7,718.472,878.929,510.719,661.471,511.153,977.258,460.575,935.962,716.299,881.247,506.652,660.597,507.982,977.244,489.402,933.547,664.045,
7.71667,715.091,876.402,511.402,662.803,508.7,983.541,467.627,943.304,723.108,888.1,505.286,660.042,514.003,980.465,492.407,941.738,657.492,
7.73333,712.295,874.387,512.018,663.956,506.667,988.664,473.633,950.302,728.503,893.591,503.948,659.463,519.045,984.461,494.865,949.292,650.558,
7.75,710.148,873.184,512.463,665.11,505.33,992.145,478.564,955.763,732.615,897.602,502.69,658.699,523.034,988.48,496.448,956.411,643.581,
7.76667,708.35,872.21,512.548,665.827,504.613,993.664,482.676,960.334,735.369,900.33,501.449,657.984,526.055,992.086,497.141,962.418,636.28,
7.78333,707.364,872.063,512.405,666.387,504.675,993.118,485.666,963.908,737.123,902.024,500.265,657.242,528.284,994.896,496.927,967.118,628.747,
7.8,707.082,872.706,512.125,666.937,505.398,990.55,487.58,966.147,738.029,902.809,499.132,656.408,529.851,996.809,496.017,970.464,620.441,
7.81667,707.405,873.904,511.581,667.208,506.715,986.3,488.581,967.539,738.459,903.208,498.117,655.747,530.997,997.295,494.638,972.728,611.259,
7.83333,708.276,875.562,510.928,667.293,508.275,980.865,488.719,967.925,738.707,903.543,497.349,655.425,531.836,996.424,492.995,973.968,601.329,
7.85,709.49,877.638,510.21,667.513,510.128,974.313,488.017,967.681,738.663,903.496,496.763,655.073,532.303,994.403,491.042,974.345,591.039,
7.86667,711.213,880.005,509.429,667.457,512.111,967.053,487.387,967.309,738.788,903.835,496.581,655.325,532.641,991.074,489.622,974.654,580.658,
7.88333,713.032,882.26,508.615,667.129,513.992,959.564,486.298,966.557,738.934,904.353,496.502,655.848,532.943,986.656,488.303,974.106,570.489,
7.9,715.219,884.834,507.977,667.007,515.89,951.635,485.051,965.666,738.795,904.573,496.421,656.221,533.062,981.764,486.789,973.166,560.648,
7.91667,717.82,887.631,507.395,666.758,517.809,943.689,484.151,964.843,738.518,904.767,496.336,656.646,533.129,976.566,485.307,972.506,551.343,
7.93333,721.286,891.178,506.889,666.593,520.076,936.022,483.778,964.564,737.904,904.63,495.971,656.764,533.182,972.161,484.013,971.966,542.638,
7.95,725.248,895.1,506.484,666.518,522.467,929.215,484.119,964.717,736.843,904.08,495.244,656.499,533.219,968.719,483.156,971.732,534.511,
7.96667,729.735,899.53,506.224,666.733,525.016,923.752,485.357,965.741,735.414,903.098,494.233,655.829,533.219,966.478,482.967,972.266,527.153,
7.98333,733.709,903.361,505.802,666.782,527.359,920.054,487.347,967.505,733.615,901.802,492.904,654.869,533.218,965.455,483.426,973.493,520.86,
8,737.322,906.769,505.492,666.914,529.321,918.286,490.035,970.019,731.632,900.341,491.513,653.838,533.181,965.757,484.46,975.23,515.532,
8.01667,740.406,909.672,505.293,667.173,530.83,918.257,493.005,972.944,729.731,898.914,490.35,652.946,533.074,967.005,486.089,977.51,511.102,
8.03333,742.755,911.938,505.19,667.557,531.86,919.529,495.822,976.034,727.943,897.509,489.496,652.2,532.869,968.658,487.86,979.886,507.774,
8.05,744.56,913.72,505.268,668.065,532.499,921.576,498.063,979.101,726.516,896.351,489.037,651.724,532.606,970.35,489.528,982.065,505.74,
8.06667,745.967,915.107,505.729,668.77,532.782,923.563,499.604,981.86,725.411,895.477,488.982,651.606,532.274,971.589,491.043,983.962,504.932,
8.08333,747.217,916.345,506.691,669.793,532.8,925.317,500.28,983.798,724.874,895.054,489.297,651.798,531.975,972.248,492.017,985.185,505.28,
8.1,748.254,917.399,507.802,670.889,532.686,926.602,500.224,985.262,724.886,895.03,489.754,652.072,531.796,972.184,492.53,985.937,507.179,
8.11667,749.215,918.26,509.1,671.954,532.434,927.449,499.937,986.367,725.45,895.549,490.24,652.524,531.825,971.612,492.959,986.465,510.482,
8.13333,749.952,918.823,510.206,672.728,532.154,927.656,499.212,986.949,726.245,896.232,490.57,652.85,532.008,970.361,492.456,986.271,515.261,
8.15,750.756,919.427,511.24,673.444,531.912,927.495,498.625,987.386,727.31,897.129,490.946,653.223,532.253,968.769,492.119,986.375,521.073,
8.16667,751.466,919.806,512.022,673.803,531.728,926.927,498.046,987.538,728.369,898.063,491.349,653.674,532.47,966.83,491.406,986.259,527.509,
8.18333,752.272,920.253,512.753,674.119,531.59,926.197,497.813,987.891,729.523,899.048,491.993,654.271,532.597,964.558,490.914,986.17,534.403,
8.2,753.008,920.641,513.261,674.283,531.548,925.337,498.181,988.713,730.514,899.856,492.656,654.817,532.652,962.255,491.439,986.644,541.435,
8.21667,753.663,920.91,513.464,674.181,531.646,924.308,499.61,990.23,731.172,900.337,493.307,655.255,532.589,960.157,493.144,987.377,548.632,
8.23333,754.515,921.471,513.662,674.262,531.859,923.259,501.621,992.053,731.449,900.319,493.683,655.236,532.478,958.724,495.87,988.262,555.625,
8.25,755.168,921.729,513.603,673.986,532.096,922.52,504.82,994.278,731.662,900.301,494.026,655.254,532.359,957.624,499.741,989.561,561.99,
8.26667,755.728,921.951,513.469,673.722,532.357,921.922,507.968,996.212,731.342,899.758,493.953,654.822,532.224,957.543,503.5,990.727,567.602,
8.28333,756.012,922.038,513.161,673.424,532.611,921.758,510.853,998.005,730.838,898.995,493.797,654.23,532.047,958.058,507.105,991.966,572.487,
8.3,756.192,922.114,512.848,673.201,532.825,921.707,512.688,998.97,730.264,898.156,493.504,653.513,531.902,959.183,510.023,992.906,576.671,
8.31667,756.015,921.915,512.347,672.824,532.991,922.11,513.867,999.575,729.765,897.431,493.132,652.818,531.836,960.648,512.134,993.834,579.971,
8.33333,755.555,921.595,511.787,672.494,533.091,923.171,513.951,999.742,729.462,896.943,492.738,652.231,531.857,962.318,513.53,994.672,582.435,
8.35,754.978,921.051,511.291,672.041,533.102,924.378,513.792,999.672,729.284,896.741,492.201,651.792,532.022,964.331,514.001,994.878,584.172,
8.36667,754.432,920.435,510.894,671.557,533.067,925.598,513.46,999.707,729.245,896.877,491.753,651.711,532.225,966.508,513.935,994.786,585.235,
8.38333,753.493,919.486,510.275,670.878,532.992,926.399,513.215,999.491,729.154,897.041,491.299,651.722,532.414,967.949,513.657,994.837,585.389,
8.4,752.549,918.549,509.644,670.21,532.908,927.272,512.377,998.961,729.263,897.504,491.065,652.073,532.583,969.063,513.274,994.68,583.872,
8.41667,751.279,917.24,508.828,669.301,532.782,927.641,511.724,998.567,728.951,897.731,490.753,652.482,532.659,969.46,512.51,994.268,580.45,
8.43333,749.705,915.639,507.817,668.229,532.634,927.699,511.116,998.173,728.313,897.689,490.296,652.792,532.695,969.235,512.236,994.177,575.225,
8.45,748.009,913.78,506.785,667.016,532.432,927.795,511.017,998.319,727.524,897.597,489.933,653.281,532.665,968.986,512.36,994.677,568.442,
8.46667,745.567,911.028,505.336,665.243,532.142,927.461,510.787,998.133,726.332,897.053,489.344,653.5,532.605,968.053,512.75,995.042,561.166,
8.48333,742.794,907.803,503.773,663.266,531.775,927.716,511.077,998.485,725.265,896.529,488.883,653.776,532.533,967.205,513.365,995.81,553.613,
8.5,739.505,903.83,501.964,660.878,531.326,928.127,511.295,998.838,724.256,895.968,488.545,654.085,532.42,966.422,514.169,996.68,546.217,
8.51667,735.525,898.909,499.857,658.012,530.74,928.936,511.609,999.321,723.127,895.171,488.099,654.219,532.313,965.489,514.529,997.28,538.851,
8.53333,731.012,893.238,497.402,654.723,530.138,930.27,511.92,999.887,721.878,894.112,487.553,654.148,532.205,964.706,515.066,998.052,531.34,
8.55,726.127,886.965,494.873,651.23,529.409,931.867,512.107,1000.37,720.452,892.74,486.956,653.916,532.055,963.949,515.458,998.654,523.763,
8.56667,720.905,880.145,492.386,647.644,528.5,933.905,512.37,1000.93,718.784,890.972,486.307,653.511,531.849,963.295,515.668,999.18,516.058,
8.58333,715.264,872.764,489.978,644.07,527.346,936.033,512.474,1001.28,716.826,888.7,485.518,652.805,531.602,962.554,515.785,999.606,508.165,
8.6,709.646,865.335,487.87,640.762,525.982,938.248,512.552,1001.51,714.741,886.089,484.474,651.711,531.412,961.788,515.64,999.886,500.515,
8.61667,703.954,857.738,486.208,637.818,524.249,940.262,512.646,1001.63,712.405,883.01,483.245,650.273,531.21,961,515.597,1000.1,493.235,
8.63333,698.518,850.418,484.923,635.294,522.336,942.134,512.564,1001.46,710.018,879.675,481.973,648.616,530.995,960.141,515.143,1000.12,486.733,
8.65,693.251,843.248,483.883,633.04,520.309,943.545,512.325,1001.04,707.53,876.041,480.671,646.765,530.751,959.028,514.365,999.804,481.282,
8.66667,688.558,836.744,483.011,631.03,518.453,944.468,512.055,1000.55,705.156,872.365,479.544,644.933,530.452,957.648,513.711,999.632,476.723,
8.68333,684.197,830.702,482.17,629.208,516.766,944.869,511.318,999.529,702.895,868.649,478.507,643.044,530.142,955.435,512.543,999.008,473.172,
8.7,680.696,825.613,481.574,627.649,515.329,944.796,510.873,998.682,700.992,865.285,477.549,641.201,529.917,952.695,510.872,997.977,470.705,
8.71667,677.232,820.597,480.666,625.937,514.263,944.414,510.155,997.69,699.415,861.933,476.644,639.145,529.784,948.567,509.245,997.217,469.783,
8.73333,675.003,817.22,480.212,624.927,513.397,944.16,509.551,996.597,698.661,859.629,476.157,637.598,529.736,943.982,507.135,996.053,470.37,
8.75,672.809,813.848,479.54,623.76,512.762,943.768,509.115,995.643,698.19,857.437,475.96,636.224,529.658,938.256,505.055,994.962,472.801,
8.76667,671.385,811.557,478.861,622.865,512.522,943.509,509.185,995.117,698.393,855.923,476.217,635.245,529.593,931.688,503.166,994.161,476.877,
8.78333,670.315,809.633,478.14,621.884,512.49,943.007,509.7,994.93,698.822,854.668,476.781,634.648,529.48,924.377,501.319,993.412,482.198,
8.8,669.33,807.916,477.379,620.963,512.551,942.439,510.741,995.204,699.17,853.324,477.375,634.148,529.365,916.606,499.771,992.804,488.484,
8.81667,668.222,806.349,476.838,620.408,512.352,941.75,511.672,995.106,699.494,852.031,478.293,634.034,529.091,908.386,498.351,992.187,495.197,
8.83333,667.403,805.224,476.674,620.34,511.939,941.22,513.265,995.64,699.721,850.69,479.361,634.119,528.689,900.419,497.332,991.718,502.131,
8.85,666.79,804.911,476.771,621.017,511.387,940.916,513.819,995.181,699.919,849.427,480.632,634.475,528.138,892.669,496.14,990.906,509.261,
8.86667,666.21,804.556,477.296,622.123,510.438,940.749,515.406,995.429,699.547,847.393,481.518,634.306,527.536,885.656,495.613,990.639,516.559,
8.88333,665.72,804.33,478.014,623.483,509.399,940.621,516.745,994.931,698.782,844.847,482.276,633.926,526.815,879.502,495.279,990.486,524.433,
8.9,665.764,804.715,479.009,625.195,508.386,940.336,517.908,993.96,697.786,841.98,482.834,633.226,526.066,874.384,495.041,990.37,532.747,
8.91667,665.407,804.29,479.801,626.531,507.389,939.55,519.195,992.692,695.84,837.865,482.848,631.841,525.224,870.128,494.893,990.261,541.433,
8.93333,665.83,804.627,480.761,627.962,506.657,938.241,520.217,990.832,694.227,834.299,482.804,630.546,524.507,866.879,494.341,989.643,550.237,
8.95,666.322,804.836,481.606,629.107,506.161,936.391,521.215,988.628,692.368,830.35,482.474,628.924,523.839,864.118,493.771,988.868,559.309,
8.96667,667.055,805.208,482.39,629.918,505.998,933.818,521.876,985.84,690.507,826.535,482.019,627.368,523.266,861.868,492.962,987.666,568.385,
8.98333,667.802,805.477,483.114,630.501,505.902,930.659,522.38,982.969,688.376,822.286,481.396,625.59,522.68,859.621,492.478,986.577,577.224,
9,668.503,805.545,483.565,630.569,506.023,926.813,522.173,980.167,686.179,817.904,481.035,624.16,521.877,857.276,492.486,985.791,585.943,
9.01667,669.304,805.6,483.818,630.288,506.322,922.423,521.44,977.243,683.921,813.487,480.68,622.813,521.064,854.878,492.723,984.96,594.459,
9.03333,669.771,805.154,483.905,629.68,506.55,917.501,520.025,974.352,681.359,808.611,480.238,621.354,520.19,852.283,493.562,984.337,602.571,
9.05,670.006,804.128,483.781,628.576,506.782,911.731,518.238,971.864,678.761,803.67,479.992,620.141,519.163,849.713,494.841,983.92,610.078,
9.06667,670.071,802.661,483.398,627.026,507.152,905.057,516.56,969.361,676.082,798.666,479.858,619.053,518.03,847.309,496.456,983.468,617.124,
9.08333,670.367,801.184,482.934,625.235,507.658,897.652,514.861,966.932,673.531,793.794,479.993,618.269,516.71,845.157,498.445,983.256,623.906,
9.1,670.765,799.413,482.396,623.071,508.281,889.504,513.399,964.742,671.134,789.249,479.933,617.412,515.617,843.389,500.404,982.887,630.494,
9.11667,671.068,797.299,481.806,620.767,508.84,880.935,512.318,962.799,668.227,784.001,479.585,616.173,514.48,841.837,502.594,982.709,636.909,
9.13333,671.775,795.386,481.442,618.57,509.398,871.871,511.976,960.894,665.657,779.31,479.052,614.943,513.586,840.707,504.937,982.848,643.39,
9.15,672.097,792.561,480.966,615.964,509.846,862.312,512.155,959.557,662.972,774.621,478.023,613.378,513.004,839.876,507.03,983.089,649.94,
9.16667,672.534,789.896,480.589,613.604,510.178,852.614,512.306,958.189,660.678,770.769,476.888,611.95,512.696,839.205,508.71,982.983,656.308,
9.18333,672.128,786.125,479.916,610.93,510.388,842.888,512.832,956.909,657.71,766.28,475.189,610.029,512.49,838.625,510.227,983.19,662.425,
9.2,672.21,783.327,479.424,608.756,510.673,833.715,513.289,955.411,655.038,762.235,473.443,608.021,512.502,837.632,511.569,983.505,668.17,
9.21667,672.261,780.565,478.881,606.451,511.026,825.109,513.653,954.269,652.622,758.722,472.109,606.563,512.349,836.124,512.198,983.355,673.439,
9.23333,672.64,778.516,478.716,604.699,511.178,817.335,513.906,953.062,650.6,755.787,471.198,605.56,512.078,833.945,512.378,983.024,677.854,
9.25,672.681,776.358,478.542,603.015,511.219,810.331,514.239,951.941,648.684,753.221,470.726,605.177,511.534,831.329,512.042,982.602,681.395,
9.26667,672.259,774.168,478.182,601.472,511.209,804.279,514.731,951.125,646.485,750.348,470.514,605.032,510.696,828.277,512.202,982.441,683.995,
9.28333,671.571,771.916,477.79,600.048,511.114,798.752,515.056,950.3,644.458,747.69,470.654,605.266,509.622,824.89,512.533,982.335,685.912,
9.3,670.767,769.799,477.507,598.89,510.875,793.641,515.41,949.648,642.604,745.252,471.129,605.804,508.386,821.085,513.04,982.165,687.43,
9.31667,669.59,767.324,477.189,597.715,510.518,788.713,515.699,949.176,640.597,742.483,471.547,606.117,507.135,816.8,513.735,981.897,688.653,
9.33333,668.186,764.555,476.983,596.624,510.009,783.754,515.834,948.601,638.53,739.418,471.694,605.902,506.081,811.848,514.552,981.319,689.633,
9.35,666.816,761.985,476.837,595.697,509.547,778.481,515.943,947.631,636.551,736.239,471.736,605.329,505.155,806.044,515.158,980.247,690.164,
9.36667,665.505,759.373,476.781,594.826,509.125,772.558,515.968,946.235,634.428,732.597,471.404,604.089,504.423,799.352,515.33,978.676,690.498,
9.38333,664.821,757.513,476.924,594.116,508.977,765.924,516.142,944.208,632.754,729.48,471.32,603.09,503.625,791.835,514.573,975.795,690.589,
9.4,663.567,754.864,476.946,593.313,508.721,758.411,516.253,941.635,629.952,724.473,470.45,600.77,502.862,783.466,513.584,972.931,690.317,
9.41667,662.698,752.607,477.027,592.583,508.681,750.005,516.691,938.787,627.44,719.664,469.654,598.392,502.109,774.417,511.978,969.579,689.818,
9.43333,661.487,749.703,477.081,591.698,508.539,740.582,516.943,935.693,624.55,714.15,468.697,595.651,501.203,764.744,509.942,965.878,689.051,
9.45,660.226,746.874,477.315,591.225,508.209,730.322,517.047,931.787,621.314,708.122,467.493,592.565,500.246,754.394,507.43,961.491,687.777,
9.46667,658.448,743.169,477.578,590.631,507.546,719.159,517.041,927.686,617.599,701.478,466.2,589.335,499.103,743.473,504.65,956.318,686.094,
9.48333,656.626,739.555,478.035,590.437,506.683,707.367,517.059,922.52,613.716,694.636,464.954,586.08,497.802,732.033,502.403,950.74,683.813,
9.5,653.347,733.717,478.079,589.517,505.331,695.062,516.906,917.522,607.714,685.014,462.995,581.85,496.041,719.901,500.545,944.187,680.893,
9.51667,650.021,727.774,477.97,588.437,504.069,682.355,516.658,911.869,601.279,674.538,460.957,577.163,494.138,707.417,499.136,937.194,677.158,
9.53333,645.702,720.415,477.139,586.431,502.892,669.272,516.174,905.494,594.331,663.198,458.816,572.161,492.056,694.594,497.791,928.921,672.789,
9.55,641.2,712.903,475.821,583.906,502.032,655.746,515.784,898.063,587.458,651.83,456.496,566.844,490.112,681.723,497.038,919.554,667.697,
9.56667,636.705,705.138,474.349,581.079,501.255,641.671,515.473,890.178,581.108,640.789,454.082,561.217,488.466,669.004,496.916,910.357,661.784,
9.58333,631.614,696.381,472.354,577.497,500.549,627.195,515.313,882.253,574.255,628.986,451.168,554.982,486.965,656.582,496.229,900.545,655.373,
9.6,626.123,687.008,470.366,573.802,499.56,612.456,515.121,873.901,567.858,617.929,448.15,548.88,485.893,644.756,495.999,890.928,648.509,
9.61667,619.831,675.834,467.453,568.358,498.812,597.591,514.715,865.457,562.344,608.734,445.588,544.324,485.245,633.702,495.753,879.872,641.358,
9.63333,613.602,664.635,464.501,562.803,498.046,583.066,514.276,856.872,556.715,599.734,442.472,539.586,485.129,623.43,495.685,869.2,633.944,
9.65,606.865,652.723,461.072,556.647,497.349,569.402,513.842,848.477,550.569,590.349,438.687,534.409,485.386,613.729,496.076,859.261,625.572,
9.66667,600.662,641.594,457.637,550.479,496.837,556.798,513.288,839.871,544.987,582.066,434.875,529.641,485.84,604.494,496.32,849.204,616.526,
9.68333,594.677,631.052,454.115,544.228,496.434,545.603,512.683,831.199,540.059,575.181,431.447,525.817,486.33,595.676,496.684,839.078,606.612,
9.7,588.626,620.897,450.29,537.878,496.208,535.963,511.868,822.279,535.286,568.883,428.229,522.592,486.716,587.41,497.057,828.871,596.044,
9.71667,582.333,610.656,446.749,531.907,495.548,527.844,510.775,813.189,530.425,562.607,424.738,519.224,487.234,579.753,497.39,818.661,585.017,
9.73333,576.214,601.023,443.539,526.559,494.67,521.075,509.536,803.777,525.682,556.917,421.401,516.379,487.61,572.994,497.823,807.914,573.59,
9.75,569.603,591.063,440.266,521.333,493.599,515.372,508.118,793.566,520.2,550.603,418.053,513.605,487.345,567.215,498.077,796.555,561.672,
9.76667,562.975,581.266,436.946,516.263,492.576,510.803,506.505,782.777,514.566,544.308,415.003,511.228,486.521,562.301,498.425,784.33,549.565,
9.78333,556.514,572.097,433.548,511.455,491.699,507.27,504.757,771.093,509.048,538.237,411.909,508.742,485.602,558.296,498.834,771.518,537.007,
9.8,550.229,564.372,430.341,507.695,491.015,504.87,503.22,757.915,503.709,533.173,408.958,506.81,484.642,555.24,499.334,757.758,524.006,
9.81667,544.228,557.498,427.403,504.58,490.295,503.744,501.928,743.827,498.511,528.2,405.675,504.323,483.88,553.184,499.614,743.547,510.437,
9.83333,538.454,551.391,424.573,501.97,489.628,504.128,500.649,729.287,493.619,523.894,402.871,502.446,483.036,552.259,499.753,729.028,496.459,
9.85,533.32,546.844,422.238,500.484,488.945,506.104,500.331,714.165,488.997,520.594,400.449,501.331,482.025,552.787,500.041,713.819,482.258,
9.86667,528.213,542.501,419.665,498.897,488.414,509.613,500.392,698.934,483.898,517.319,398.297,500.889,480.508,554.88,500.357,698.516,467.883,
9.88333,523.926,539.691,417.679,498.396,487.912,514.609,501.217,683.381,478.352,513.968,396.077,500.543,478.694,558.597,500.772,683.33,453.779,
9.9,520.366,537.41,415.698,497.497,487.578,520.829,502.269,669.015,473.487,512.073,395.341,502.293,476.326,563.876,501.34,668.256,440.41,
9.91667,516.371,534.312,413.701,496.695,487.086,528.071,504.132,655.412,466.82,507.167,393.623,501.989,473.904,570.068,501.972,655.316,428.423,
9.93333,514.317,533.425,412.524,496.527,486.907,535.049,505.83,643.82,462.333,505.472,393.445,504.08,471.344,576.528,502.761,643.55,418.814,
9.95,513.472,533.644,412.329,497.351,486.705,540.467,507.258,635.106,458.753,503.599,392.809,504.782,469.523,581.655,503.287,635.402,412.472,
9.96667,513.952,535.284,412.837,498.739,486.682,542.531,507.962,630.886,457.943,504.082,393.108,505.988,468.666,583.885,503.561,632.019,410.199,
9.98333,515.095,537.505,413.816,500.266,486.549,539.625,507.924,633.749,460.317,507.093,393.594,506.812,469.708,581.351,504.275,634.476,412.567,
10,0,0,0,0,0,0,0,0,0,0,0,0,0,0,0,0,0,
10.0167,0,0,0,0,0,0,0,0,0,0,0,0,0,0,0,0,0,
10.0333,0,0,0,0,0,0,0,0,0,0,0,0,0,0,0,0,0,
10.05,0,0,0,0,0,0,0,0,0,0,0,0,0,0,0,0,0,
10.0667,0,0,0,0,0,0,0,0,0,0,0,0,0,0,0,0,0,
10.0833,0,0,0,0,0,0,0,0,0,0,0,0,0,0,0,0,0,
10.1,0,0,0,0,0,0,0,0,0,0,0,0,0,0,0,0,0,
10.1167,0,0,0,0,0,0,0,0,0,0,0,0,0,0,0,0,0,
10.1333,0,0,0,0,0,0,0,0,0,0,0,0,0,0,0,0,0,
10.15,0,0,0,0,0,0,0,0,0,0,0,0,0,0,0,0,0,
10.1667,0,0,0,0,0,0,0,0,0,0,0,0,0,0,0,0,0,
10.1833,0,0,0,0,0,0,0,0,0,0,0,0,0,0,0,0,0,
10.2,0,0,0,0,0,0,0,0,0,0,0,0,0,0,0,0,0,
10.2167,0,0,0,0,0,0,0,0,0,0,0,0,0,0,0,0,0,
10.2333,0,0,0,0,0,0,0,0,0,0,0,0,0,0,0,0,0,
10.25,0,0,0,0,0,0,0,0,0,0,0,0,0,0,0,0,0,
10.2667,0,0,0,0,0,0,0,0,0,0,0,0,0,0,0,0,0,
10.2833,0,0,0,0,0,0,0,0,0,0,0,0,0,0,0,0,0,
10.3,0,0,0,0,0,0,0,0,0,0,0,0,0,0,0,0,0,
10.3167,0,0,0,0,0,0,0,0,0,0,0,0,0,0,0,0,0,
10.3333,0,0,0,0,0,0,0,0,0,0,0,0,0,0,0,0,0,
10.35,0,0,0,0,0,0,0,0,0,0,0,0,0,0,0,0,0,
10.3667,0,0,0,0,0,0,0,0,0,0,0,0,0,0,0,0,0,
10.3833,0,0,0,0,0,0,0,0,0,0,0,0,0,0,0,0,0,
